product_id,store_id,product_name,category,base_price
PROD200000,STORE1005,Item 0,Shoes,836.09
PROD200001,STORE1016,Item 1,Home Goods,608.94
PROD200002,STORE1050,Item 2,Electronics,692.88
PROD200003,STORE1113,Item 3,Clothing,27.69
PROD200004,STORE1037,Item 4,Home Goods,429.2
PROD200005,STORE1023,Item 5,Food,657.69
PROD200006,STORE1050,Item 6,Cosmetics,952.53
PROD200007,STORE1009,Item 7,Clothing,677.83
PROD200008,STORE1119,Item 8,Shoes,510.04
PROD200009,STORE1071,Item 9,Shoes,585.21
PROD200010,STORE1020,Item 10,Clothing,367.23
PROD200011,STORE1119,Item 11,Shoes,1387.12
PROD200012,STORE1069,Item 12,Home Goods,785.01
PROD200013,STORE1084,Item 13,Electronics,25.05
PROD200014,STORE1056,Item 14,Shoes,34.07
PROD200015,STORE1038,Item 15,Food,1459.58
PROD200016,STORE1087,Item 16,Electronics,336.07
PROD200017,STORE1032,Item 17,Home Goods,1209.38
PROD200018,STORE1058,Item 18,Accessories,92.12
PROD200019,STORE1017,Item 19,Shoes,1382.14
PROD200020,STORE1055,Item 20,Shoes,1312.25
PROD200021,STORE1091,Item 21,Food,858.78
PROD200022,STORE1056,Item 22,Home Goods,18.45
PROD200023,STORE1115,Item 23,Food,390.43
PROD200024,STORE1095,Item 24,Cosmetics,613.2
PROD200025,STORE1075,Item 25,Home Goods,692.8
PROD200026,STORE1047,Item 26,Clothing,450.03
PROD200027,STORE1041,Item 27,Clothing,54.26
PROD200028,STORE1026,Item 28,Clothing,887.24
PROD200029,STORE1073,Item 29,Food,788.61
PROD200030,STORE1109,Item 30,Clothing,428.09
PROD200031,STORE1051,Item 31,Home Goods,61.77
PROD200032,STORE1041,Item 32,Clothing,1491.92
PROD200033,STORE1031,Item 33,Accessories,725.57
PROD200034,STORE1105,Item 34,Clothing,1135.23
PROD200035,STORE1025,Item 35,Shoes,681.21
PROD200036,STORE1024,Item 36,Cosmetics,69.54
PROD200037,STORE1074,Item 37,Food,467.85
PROD200038,STORE1022,Item 38,Electronics,483.56
PROD200039,STORE1097,Item 39,Cosmetics,1258.34
PROD200040,STORE1056,Item 40,Accessories,983.07
PROD200041,STORE1051,Item 41,Food,416.77
PROD200042,STORE1103,Item 42,Home Goods,1451.77
PROD200043,STORE1086,Item 43,Food,485.71
PROD200044,STORE1092,Item 44,Shoes,1497.36
PROD200045,STORE1030,Item 45,Home Goods,1494.26
PROD200046,STORE1063,Item 46,Cosmetics,290.86
PROD200047,STORE1070,Item 47,Cosmetics,472.55
PROD200048,STORE1103,Item 48,Clothing,731.64
PROD200049,STORE1032,Item 49,Home Goods,997.83
PROD200050,STORE1084,Item 50,Shoes,794.43
PROD200051,STORE1001,Item 51,Clothing,1454.31
PROD200052,STORE1017,Item 52,Clothing,1087.36
PROD200053,STORE1046,Item 53,Food,322.01
PROD200054,STORE1032,Item 54,Cosmetics,162.12
PROD200055,STORE1100,Item 55,Clothing,1034.16
PROD200056,STORE1097,Item 56,Accessories,241.89
PROD200057,STORE1083,Item 57,Accessories,1182.58
PROD200058,STORE1034,Item 58,Cosmetics,470.0
PROD200059,STORE1050,Item 59,Accessories,493.71
PROD200060,STORE1113,Item 60,Food,21.14
PROD200061,STORE1117,Item 61,Shoes,1053.01
PROD200062,STORE1017,Item 62,Electronics,174.34
PROD200063,STORE1109,Item 63,Clothing,1160.46
PROD200064,STORE1087,Item 64,Electronics,740.34
PROD200065,STORE1071,Item 65,Shoes,1177.5
PROD200066,STORE1029,Item 66,Shoes,877.97
PROD200067,STORE1043,Item 67,Food,128.24
PROD200068,STORE1052,Item 68,Accessories,1149.65
PROD200069,STORE1009,Item 69,Accessories,109.35
PROD200070,STORE1086,Item 70,Shoes,720.66
PROD200071,STORE1051,Item 71,Food,262.66
PROD200072,STORE1048,Item 72,Food,1129.74
PROD200073,STORE1010,Item 73,Cosmetics,1367.83
PROD200074,STORE1065,Item 74,Home Goods,833.42
PROD200075,STORE1057,Item 75,Clothing,793.09
PROD200076,STORE1089,Item 76,Home Goods,1147.12
PROD200077,STORE1035,Item 77,Accessories,12.59
PROD200078,STORE1032,Item 78,Shoes,1377.05
PROD200079,STORE1046,Item 79,Cosmetics,300.19
PROD200080,STORE1012,Item 80,Electronics,1476.26
PROD200081,STORE1039,Item 81,Accessories,1105.7
PROD200082,STORE1088,Item 82,Clothing,1162.51
PROD200083,STORE1067,Item 83,Food,986.02
PROD200084,STORE1041,Item 84,Shoes,710.14
PROD200085,STORE1018,Item 85,Accessories,859.58
PROD200086,STORE1081,Item 86,Electronics,74.37
PROD200087,STORE1100,Item 87,Clothing,937.82
PROD200088,STORE1093,Item 88,Clothing,941.02
PROD200089,STORE1018,Item 89,Cosmetics,1337.35
PROD200090,STORE1057,Item 90,Accessories,760.96
PROD200091,STORE1022,Item 91,Electronics,120.33
PROD200092,STORE1053,Item 92,Clothing,462.76
PROD200093,STORE1079,Item 93,Shoes,985.17
PROD200094,STORE1064,Item 94,Clothing,362.69
PROD200095,STORE1011,Item 95,Electronics,424.39
PROD200096,STORE1023,Item 96,Food,1231.6
PROD200097,STORE1033,Item 97,Food,878.56
PROD200098,STORE1052,Item 98,Cosmetics,765.25
PROD200099,STORE1007,Item 99,Accessories,481.09
PROD200100,STORE1017,Item 100,Electronics,1097.74
PROD200101,STORE1056,Item 101,Cosmetics,435.14
PROD200102,STORE1111,Item 102,Home Goods,1106.91
PROD200103,STORE1004,Item 103,Clothing,109.8
PROD200104,STORE1025,Item 104,Home Goods,1297.49
PROD200105,STORE1029,Item 105,Clothing,751.85
PROD200106,STORE1053,Item 106,Food,660.57
PROD200107,STORE1012,Item 107,Cosmetics,918.48
PROD200108,STORE1082,Item 108,Food,938.17
PROD200109,STORE1028,Item 109,Shoes,202.39
PROD200110,STORE1002,Item 110,Home Goods,1135.57
PROD200111,STORE1089,Item 111,Home Goods,417.51
PROD200112,STORE1103,Item 112,Food,1357.92
PROD200113,STORE1057,Item 113,Shoes,1227.69
PROD200114,STORE1075,Item 114,Clothing,522.67
PROD200115,STORE1001,Item 115,Cosmetics,1212.57
PROD200116,STORE1074,Item 116,Shoes,537.8
PROD200117,STORE1107,Item 117,Cosmetics,155.92
PROD200118,STORE1027,Item 118,Home Goods,1443.02
PROD200119,STORE1081,Item 119,Cosmetics,980.64
PROD200120,STORE1076,Item 120,Home Goods,686.87
PROD200121,STORE1100,Item 121,Shoes,599.67
PROD200122,STORE1085,Item 122,Home Goods,490.43
PROD200123,STORE1075,Item 123,Accessories,1472.26
PROD200124,STORE1001,Item 124,Home Goods,206.45
PROD200125,STORE1100,Item 125,Food,475.63
PROD200126,STORE1006,Item 126,Shoes,730.82
PROD200127,STORE1025,Item 127,Clothing,719.61
PROD200128,STORE1089,Item 128,Cosmetics,709.69
PROD200129,STORE1087,Item 129,Electronics,267.8
PROD200130,STORE1075,Item 130,Shoes,221.67
PROD200131,STORE1015,Item 131,Food,385.88
PROD200132,STORE1022,Item 132,Home Goods,1372.22
PROD200133,STORE1039,Item 133,Cosmetics,174.01
PROD200134,STORE1059,Item 134,Accessories,1137.35
PROD200135,STORE1072,Item 135,Clothing,1137.53
PROD200136,STORE1031,Item 136,Accessories,1215.61
PROD200137,STORE1014,Item 137,Electronics,1330.49
PROD200138,STORE1100,Item 138,Shoes,398.24
PROD200139,STORE1012,Item 139,Cosmetics,340.72
PROD200140,STORE1004,Item 140,Shoes,700.93
PROD200141,STORE1074,Item 141,Food,401.31
PROD200142,STORE1073,Item 142,Shoes,1102.79
PROD200143,STORE1051,Item 143,Clothing,955.73
PROD200144,STORE1076,Item 144,Electronics,1313.11
PROD200145,STORE1040,Item 145,Accessories,128.69
PROD200146,STORE1052,Item 146,Electronics,1373.05
PROD200147,STORE1109,Item 147,Cosmetics,443.56
PROD200148,STORE1049,Item 148,Shoes,738.59
PROD200149,STORE1014,Item 149,Cosmetics,660.72
PROD200150,STORE1105,Item 150,Accessories,1141.67
PROD200151,STORE1119,Item 151,Cosmetics,633.4
PROD200152,STORE1006,Item 152,Food,1415.61
PROD200153,STORE1039,Item 153,Electronics,1354.29
PROD200154,STORE1027,Item 154,Accessories,1308.88
PROD200155,STORE1031,Item 155,Accessories,111.53
PROD200156,STORE1098,Item 156,Home Goods,1282.12
PROD200157,STORE1014,Item 157,Accessories,1173.54
PROD200158,STORE1111,Item 158,Home Goods,159.75
PROD200159,STORE1099,Item 159,Clothing,165.58
PROD200160,STORE1084,Item 160,Home Goods,156.24
PROD200161,STORE1069,Item 161,Electronics,21.94
PROD200162,STORE1064,Item 162,Cosmetics,825.21
PROD200163,STORE1003,Item 163,Home Goods,1460.22
PROD200164,STORE1010,Item 164,Accessories,660.83
PROD200165,STORE1107,Item 165,Electronics,813.43
PROD200166,STORE1025,Item 166,Home Goods,1452.11
PROD200167,STORE1060,Item 167,Home Goods,386.5
PROD200168,STORE1036,Item 168,Accessories,1288.41
PROD200169,STORE1022,Item 169,Food,821.85
PROD200170,STORE1092,Item 170,Food,856.37
PROD200171,STORE1084,Item 171,Home Goods,518.04
PROD200172,STORE1111,Item 172,Food,844.57
PROD200173,STORE1108,Item 173,Shoes,114.35
PROD200174,STORE1108,Item 174,Accessories,1148.14
PROD200175,STORE1112,Item 175,Shoes,430.61
PROD200176,STORE1090,Item 176,Electronics,1331.97
PROD200177,STORE1102,Item 177,Shoes,554.94
PROD200178,STORE1039,Item 178,Electronics,218.52
PROD200179,STORE1076,Item 179,Home Goods,1045.34
PROD200180,STORE1022,Item 180,Electronics,251.04
PROD200181,STORE1015,Item 181,Electronics,1131.75
PROD200182,STORE1093,Item 182,Cosmetics,1452.33
PROD200183,STORE1060,Item 183,Shoes,1170.43
PROD200184,STORE1067,Item 184,Cosmetics,38.56
PROD200185,STORE1103,Item 185,Home Goods,901.83
PROD200186,STORE1079,Item 186,Accessories,1044.64
PROD200187,STORE1030,Item 187,Shoes,1239.06
PROD200188,STORE1052,Item 188,Accessories,88.72
PROD200189,STORE1105,Item 189,Accessories,722.76
PROD200190,STORE1024,Item 190,Electronics,805.38
PROD200191,STORE1043,Item 191,Shoes,257.84
PROD200192,STORE1011,Item 192,Accessories,487.06
PROD200193,STORE1089,Item 193,Food,663.13
PROD200194,STORE1100,Item 194,Accessories,1250.65
PROD200195,STORE1111,Item 195,Food,1394.46
PROD200196,STORE1096,Item 196,Shoes,944.49
PROD200197,STORE1091,Item 197,Home Goods,595.44
PROD200198,STORE1008,Item 198,Cosmetics,384.78
PROD200199,STORE1011,Item 199,Shoes,1473.29
PROD200200,STORE1068,Item 200,Cosmetics,1474.61
PROD200201,STORE1053,Item 201,Cosmetics,1387.84
PROD200202,STORE1115,Item 202,Shoes,1179.58
PROD200203,STORE1053,Item 203,Accessories,492.04
PROD200204,STORE1027,Item 204,Clothing,1226.42
PROD200205,STORE1055,Item 205,Accessories,616.15
PROD200206,STORE1098,Item 206,Accessories,493.53
PROD200207,STORE1068,Item 207,Home Goods,1118.57
PROD200208,STORE1097,Item 208,Electronics,124.08
PROD200209,STORE1109,Item 209,Electronics,77.6
PROD200210,STORE1097,Item 210,Accessories,674.69
PROD200211,STORE1076,Item 211,Food,671.23
PROD200212,STORE1102,Item 212,Home Goods,1343.99
PROD200213,STORE1105,Item 213,Cosmetics,193.6
PROD200214,STORE1108,Item 214,Electronics,189.31
PROD200215,STORE1111,Item 215,Accessories,225.44
PROD200216,STORE1057,Item 216,Home Goods,49.46
PROD200217,STORE1077,Item 217,Clothing,112.24
PROD200218,STORE1074,Item 218,Food,991.51
PROD200219,STORE1041,Item 219,Shoes,650.22
PROD200220,STORE1037,Item 220,Accessories,1146.59
PROD200221,STORE1067,Item 221,Home Goods,1488.93
PROD200222,STORE1052,Item 222,Accessories,990.26
PROD200223,STORE1032,Item 223,Cosmetics,80.43
PROD200224,STORE1070,Item 224,Food,161.32
PROD200225,STORE1055,Item 225,Electronics,1322.1
PROD200226,STORE1104,Item 226,Electronics,793.61
PROD200227,STORE1071,Item 227,Electronics,1238.13
PROD200228,STORE1100,Item 228,Shoes,1285.64
PROD200229,STORE1050,Item 229,Home Goods,1391.87
PROD200230,STORE1073,Item 230,Food,1424.99
PROD200231,STORE1042,Item 231,Food,834.46
PROD200232,STORE1014,Item 232,Electronics,514.83
PROD200233,STORE1037,Item 233,Electronics,1442.99
PROD200234,STORE1014,Item 234,Cosmetics,823.37
PROD200235,STORE1004,Item 235,Clothing,101.06
PROD200236,STORE1092,Item 236,Clothing,965.95
PROD200237,STORE1082,Item 237,Accessories,883.59
PROD200238,STORE1053,Item 238,Accessories,1344.21
PROD200239,STORE1050,Item 239,Food,981.51
PROD200240,STORE1009,Item 240,Food,526.83
PROD200241,STORE1011,Item 241,Shoes,1449.51
PROD200242,STORE1117,Item 242,Shoes,1203.42
PROD200243,STORE1003,Item 243,Clothing,947.47
PROD200244,STORE1094,Item 244,Accessories,442.92
PROD200245,STORE1017,Item 245,Clothing,563.44
PROD200246,STORE1079,Item 246,Clothing,1006.61
PROD200247,STORE1103,Item 247,Accessories,112.61
PROD200248,STORE1035,Item 248,Home Goods,388.74
PROD200249,STORE1024,Item 249,Shoes,1072.28
PROD200250,STORE1086,Item 250,Cosmetics,722.63
PROD200251,STORE1075,Item 251,Cosmetics,606.58
PROD200252,STORE1097,Item 252,Cosmetics,231.43
PROD200253,STORE1035,Item 253,Accessories,665.56
PROD200254,STORE1100,Item 254,Electronics,1157.18
PROD200255,STORE1066,Item 255,Electronics,399.7
PROD200256,STORE1008,Item 256,Electronics,13.07
PROD200257,STORE1060,Item 257,Food,1004.41
PROD200258,STORE1052,Item 258,Shoes,1459.08
PROD200259,STORE1017,Item 259,Shoes,912.21
PROD200260,STORE1042,Item 260,Home Goods,184.28
PROD200261,STORE1034,Item 261,Home Goods,484.5
PROD200262,STORE1062,Item 262,Food,1302.12
PROD200263,STORE1118,Item 263,Clothing,352.69
PROD200264,STORE1097,Item 264,Home Goods,913.51
PROD200265,STORE1104,Item 265,Cosmetics,606.99
PROD200266,STORE1077,Item 266,Electronics,315.73
PROD200267,STORE1003,Item 267,Cosmetics,1221.04
PROD200268,STORE1092,Item 268,Electronics,1115.53
PROD200269,STORE1040,Item 269,Cosmetics,994.08
PROD200270,STORE1044,Item 270,Clothing,358.32
PROD200271,STORE1049,Item 271,Cosmetics,151.3
PROD200272,STORE1078,Item 272,Cosmetics,866.36
PROD200273,STORE1027,Item 273,Accessories,832.75
PROD200274,STORE1041,Item 274,Cosmetics,286.64
PROD200275,STORE1079,Item 275,Accessories,89.09
PROD200276,STORE1075,Item 276,Shoes,125.66
PROD200277,STORE1115,Item 277,Food,1489.19
PROD200278,STORE1068,Item 278,Cosmetics,1176.46
PROD200279,STORE1097,Item 279,Shoes,1383.37
PROD200280,STORE1105,Item 280,Home Goods,296.61
PROD200281,STORE1000,Item 281,Home Goods,1441.05
PROD200282,STORE1038,Item 282,Accessories,218.27
PROD200283,STORE1095,Item 283,Cosmetics,766.08
PROD200284,STORE1089,Item 284,Cosmetics,1245.4
PROD200285,STORE1016,Item 285,Clothing,527.96
PROD200286,STORE1111,Item 286,Shoes,640.12
PROD200287,STORE1090,Item 287,Electronics,196.64
PROD200288,STORE1087,Item 288,Electronics,188.77
PROD200289,STORE1034,Item 289,Clothing,931.25
PROD200290,STORE1045,Item 290,Accessories,1014.92
PROD200291,STORE1041,Item 291,Electronics,1167.11
PROD200292,STORE1117,Item 292,Electronics,837.24
PROD200293,STORE1038,Item 293,Home Goods,970.41
PROD200294,STORE1089,Item 294,Home Goods,25.21
PROD200295,STORE1048,Item 295,Food,247.45
PROD200296,STORE1061,Item 296,Shoes,1477.45
PROD200297,STORE1037,Item 297,Accessories,118.61
PROD200298,STORE1022,Item 298,Cosmetics,1019.79
PROD200299,STORE1021,Item 299,Shoes,268.24
PROD200300,STORE1003,Item 300,Accessories,1076.49
PROD200301,STORE1048,Item 301,Electronics,1060.46
PROD200302,STORE1058,Item 302,Food,355.13
PROD200303,STORE1072,Item 303,Shoes,408.1
PROD200304,STORE1067,Item 304,Electronics,983.88
PROD200305,STORE1070,Item 305,Accessories,588.18
PROD200306,STORE1086,Item 306,Shoes,295.85
PROD200307,STORE1001,Item 307,Cosmetics,1098.86
PROD200308,STORE1048,Item 308,Shoes,235.45
PROD200309,STORE1087,Item 309,Electronics,1284.19
PROD200310,STORE1103,Item 310,Shoes,774.43
PROD200311,STORE1118,Item 311,Cosmetics,163.02
PROD200312,STORE1094,Item 312,Food,1042.64
PROD200313,STORE1110,Item 313,Food,781.15
PROD200314,STORE1030,Item 314,Electronics,450.6
PROD200315,STORE1110,Item 315,Accessories,636.7
PROD200316,STORE1039,Item 316,Electronics,451.01
PROD200317,STORE1047,Item 317,Food,398.22
PROD200318,STORE1050,Item 318,Clothing,249.59
PROD200319,STORE1042,Item 319,Clothing,547.34
PROD200320,STORE1097,Item 320,Shoes,380.23
PROD200321,STORE1054,Item 321,Cosmetics,1026.73
PROD200322,STORE1087,Item 322,Home Goods,1027.4
PROD200323,STORE1048,Item 323,Home Goods,755.25
PROD200324,STORE1089,Item 324,Home Goods,1168.03
PROD200325,STORE1079,Item 325,Shoes,1262.8
PROD200326,STORE1056,Item 326,Clothing,871.75
PROD200327,STORE1110,Item 327,Food,930.31
PROD200328,STORE1076,Item 328,Shoes,427.91
PROD200329,STORE1014,Item 329,Home Goods,1342.83
PROD200330,STORE1026,Item 330,Home Goods,41.19
PROD200331,STORE1067,Item 331,Electronics,526.16
PROD200332,STORE1079,Item 332,Home Goods,1084.09
PROD200333,STORE1063,Item 333,Cosmetics,124.73
PROD200334,STORE1093,Item 334,Home Goods,278.84
PROD200335,STORE1107,Item 335,Electronics,885.98
PROD200336,STORE1029,Item 336,Home Goods,842.19
PROD200337,STORE1035,Item 337,Cosmetics,1109.7
PROD200338,STORE1066,Item 338,Food,1219.86
PROD200339,STORE1085,Item 339,Shoes,197.23
PROD200340,STORE1112,Item 340,Cosmetics,32.48
PROD200341,STORE1085,Item 341,Electronics,1036.01
PROD200342,STORE1113,Item 342,Shoes,455.58
PROD200343,STORE1113,Item 343,Shoes,940.85
PROD200344,STORE1118,Item 344,Electronics,230.06
PROD200345,STORE1048,Item 345,Clothing,706.21
PROD200346,STORE1075,Item 346,Home Goods,759.11
PROD200347,STORE1054,Item 347,Cosmetics,879.69
PROD200348,STORE1084,Item 348,Electronics,772.19
PROD200349,STORE1055,Item 349,Food,746.06
PROD200350,STORE1067,Item 350,Accessories,502.44
PROD200351,STORE1094,Item 351,Electronics,111.41
PROD200352,STORE1043,Item 352,Home Goods,138.83
PROD200353,STORE1030,Item 353,Home Goods,653.5
PROD200354,STORE1057,Item 354,Shoes,536.91
PROD200355,STORE1086,Item 355,Shoes,776.62
PROD200356,STORE1117,Item 356,Electronics,460.73
PROD200357,STORE1052,Item 357,Accessories,1033.43
PROD200358,STORE1083,Item 358,Electronics,1296.61
PROD200359,STORE1078,Item 359,Accessories,451.8
PROD200360,STORE1022,Item 360,Accessories,293.51
PROD200361,STORE1027,Item 361,Home Goods,178.69
PROD200362,STORE1015,Item 362,Home Goods,926.3
PROD200363,STORE1036,Item 363,Home Goods,668.56
PROD200364,STORE1020,Item 364,Food,286.08
PROD200365,STORE1078,Item 365,Home Goods,981.44
PROD200366,STORE1016,Item 366,Cosmetics,226.98
PROD200367,STORE1113,Item 367,Shoes,833.68
PROD200368,STORE1036,Item 368,Shoes,793.09
PROD200369,STORE1076,Item 369,Accessories,1102.67
PROD200370,STORE1018,Item 370,Shoes,87.39
PROD200371,STORE1029,Item 371,Clothing,1332.37
PROD200372,STORE1044,Item 372,Accessories,1055.97
PROD200373,STORE1017,Item 373,Shoes,328.11
PROD200374,STORE1077,Item 374,Clothing,279.19
PROD200375,STORE1061,Item 375,Food,650.33
PROD200376,STORE1035,Item 376,Shoes,1227.26
PROD200377,STORE1099,Item 377,Clothing,1265.21
PROD200378,STORE1083,Item 378,Electronics,783.08
PROD200379,STORE1051,Item 379,Cosmetics,1291.91
PROD200380,STORE1018,Item 380,Electronics,13.14
PROD200381,STORE1108,Item 381,Clothing,57.59
PROD200382,STORE1043,Item 382,Accessories,1368.17
PROD200383,STORE1006,Item 383,Home Goods,1164.12
PROD200384,STORE1043,Item 384,Home Goods,678.81
PROD200385,STORE1116,Item 385,Home Goods,1131.65
PROD200386,STORE1067,Item 386,Accessories,1433.68
PROD200387,STORE1033,Item 387,Shoes,1159.27
PROD200388,STORE1065,Item 388,Home Goods,1264.35
PROD200389,STORE1068,Item 389,Electronics,1142.11
PROD200390,STORE1054,Item 390,Accessories,256.48
PROD200391,STORE1009,Item 391,Accessories,1251.19
PROD200392,STORE1095,Item 392,Home Goods,296.69
PROD200393,STORE1041,Item 393,Electronics,1339.45
PROD200394,STORE1040,Item 394,Food,690.68
PROD200395,STORE1076,Item 395,Accessories,1017.08
PROD200396,STORE1102,Item 396,Home Goods,748.38
PROD200397,STORE1068,Item 397,Cosmetics,145.52
PROD200398,STORE1009,Item 398,Clothing,439.63
PROD200399,STORE1009,Item 399,Shoes,1475.68
PROD200400,STORE1101,Item 400,Accessories,1441.27
PROD200401,STORE1090,Item 401,Cosmetics,484.13
PROD200402,STORE1059,Item 402,Cosmetics,1494.46
PROD200403,STORE1050,Item 403,Accessories,1269.1
PROD200404,STORE1020,Item 404,Food,918.38
PROD200405,STORE1007,Item 405,Clothing,64.99
PROD200406,STORE1064,Item 406,Shoes,1352.66
PROD200407,STORE1091,Item 407,Accessories,838.36
PROD200408,STORE1112,Item 408,Shoes,1303.37
PROD200409,STORE1102,Item 409,Electronics,1252.47
PROD200410,STORE1077,Item 410,Cosmetics,1250.34
PROD200411,STORE1084,Item 411,Cosmetics,1048.77
PROD200412,STORE1029,Item 412,Accessories,440.67
PROD200413,STORE1084,Item 413,Accessories,507.56
PROD200414,STORE1048,Item 414,Electronics,466.16
PROD200415,STORE1008,Item 415,Food,34.97
PROD200416,STORE1016,Item 416,Accessories,875.94
PROD200417,STORE1068,Item 417,Cosmetics,1049.76
PROD200418,STORE1057,Item 418,Shoes,1281.53
PROD200419,STORE1056,Item 419,Clothing,214.55
PROD200420,STORE1061,Item 420,Home Goods,818.55
PROD200421,STORE1094,Item 421,Shoes,16.97
PROD200422,STORE1051,Item 422,Food,147.17
PROD200423,STORE1060,Item 423,Clothing,86.05
PROD200424,STORE1039,Item 424,Shoes,1089.59
PROD200425,STORE1037,Item 425,Shoes,126.18
PROD200426,STORE1042,Item 426,Electronics,1076.1
PROD200427,STORE1062,Item 427,Home Goods,378.19
PROD200428,STORE1018,Item 428,Food,1317.18
PROD200429,STORE1099,Item 429,Cosmetics,1220.66
PROD200430,STORE1049,Item 430,Electronics,1436.96
PROD200431,STORE1032,Item 431,Clothing,1326.22
PROD200432,STORE1012,Item 432,Home Goods,1400.33
PROD200433,STORE1077,Item 433,Cosmetics,1288.82
PROD200434,STORE1119,Item 434,Electronics,1041.61
PROD200435,STORE1096,Item 435,Home Goods,259.54
PROD200436,STORE1061,Item 436,Food,411.2
PROD200437,STORE1092,Item 437,Accessories,323.03
PROD200438,STORE1042,Item 438,Accessories,907.36
PROD200439,STORE1048,Item 439,Clothing,757.91
PROD200440,STORE1035,Item 440,Accessories,1301.28
PROD200441,STORE1107,Item 441,Electronics,1429.25
PROD200442,STORE1009,Item 442,Clothing,610.27
PROD200443,STORE1094,Item 443,Cosmetics,761.99
PROD200444,STORE1005,Item 444,Food,1457.42
PROD200445,STORE1056,Item 445,Clothing,417.98
PROD200446,STORE1000,Item 446,Cosmetics,1189.62
PROD200447,STORE1070,Item 447,Clothing,341.73
PROD200448,STORE1057,Item 448,Shoes,1023.78
PROD200449,STORE1090,Item 449,Shoes,384.16
PROD200450,STORE1020,Item 450,Clothing,1326.18
PROD200451,STORE1091,Item 451,Home Goods,844.41
PROD200452,STORE1079,Item 452,Accessories,282.97
PROD200453,STORE1055,Item 453,Shoes,340.43
PROD200454,STORE1109,Item 454,Home Goods,743.3
PROD200455,STORE1086,Item 455,Home Goods,1442.6
PROD200456,STORE1115,Item 456,Food,1155.62
PROD200457,STORE1019,Item 457,Cosmetics,735.02
PROD200458,STORE1101,Item 458,Electronics,509.89
PROD200459,STORE1053,Item 459,Shoes,826.16
PROD200460,STORE1024,Item 460,Clothing,1123.8
PROD200461,STORE1027,Item 461,Accessories,1176.97
PROD200462,STORE1004,Item 462,Electronics,490.29
PROD200463,STORE1119,Item 463,Cosmetics,1083.13
PROD200464,STORE1020,Item 464,Home Goods,988.39
PROD200465,STORE1017,Item 465,Cosmetics,1438.87
PROD200466,STORE1046,Item 466,Shoes,1396.98
PROD200467,STORE1069,Item 467,Cosmetics,1185.12
PROD200468,STORE1056,Item 468,Cosmetics,1086.48
PROD200469,STORE1092,Item 469,Accessories,414.69
PROD200470,STORE1018,Item 470,Home Goods,1269.72
PROD200471,STORE1096,Item 471,Accessories,644.12
PROD200472,STORE1064,Item 472,Accessories,412.0
PROD200473,STORE1108,Item 473,Clothing,579.32
PROD200474,STORE1002,Item 474,Cosmetics,1254.72
PROD200475,STORE1041,Item 475,Cosmetics,227.21
PROD200476,STORE1020,Item 476,Cosmetics,686.96
PROD200477,STORE1098,Item 477,Food,741.07
PROD200478,STORE1104,Item 478,Accessories,59.76
PROD200479,STORE1039,Item 479,Electronics,297.64
PROD200480,STORE1066,Item 480,Shoes,1240.98
PROD200481,STORE1024,Item 481,Home Goods,1247.0
PROD200482,STORE1108,Item 482,Electronics,442.16
PROD200483,STORE1101,Item 483,Home Goods,1312.97
PROD200484,STORE1108,Item 484,Clothing,1158.82
PROD200485,STORE1054,Item 485,Clothing,629.77
PROD200486,STORE1083,Item 486,Home Goods,1123.87
PROD200487,STORE1051,Item 487,Cosmetics,1442.2
PROD200488,STORE1043,Item 488,Electronics,691.16
PROD200489,STORE1108,Item 489,Cosmetics,361.45
PROD200490,STORE1097,Item 490,Food,1413.02
PROD200491,STORE1084,Item 491,Clothing,907.6
PROD200492,STORE1055,Item 492,Clothing,162.37
PROD200493,STORE1054,Item 493,Electronics,861.16
PROD200494,STORE1111,Item 494,Clothing,753.37
PROD200495,STORE1086,Item 495,Food,1284.11
PROD200496,STORE1069,Item 496,Food,798.39
PROD200497,STORE1114,Item 497,Food,386.57
PROD200498,STORE1116,Item 498,Shoes,1015.09
PROD200499,STORE1076,Item 499,Food,816.15
PROD200500,STORE1112,Item 500,Food,353.4
PROD200501,STORE1086,Item 501,Shoes,862.57
PROD200502,STORE1072,Item 502,Cosmetics,1233.2
PROD200503,STORE1080,Item 503,Accessories,47.71
PROD200504,STORE1065,Item 504,Clothing,948.12
PROD200505,STORE1018,Item 505,Food,527.63
PROD200506,STORE1082,Item 506,Clothing,442.54
PROD200507,STORE1119,Item 507,Electronics,591.92
PROD200508,STORE1006,Item 508,Clothing,516.32
PROD200509,STORE1117,Item 509,Home Goods,1249.2
PROD200510,STORE1062,Item 510,Cosmetics,415.82
PROD200511,STORE1041,Item 511,Shoes,1101.06
PROD200512,STORE1041,Item 512,Clothing,145.62
PROD200513,STORE1058,Item 513,Clothing,1427.34
PROD200514,STORE1019,Item 514,Clothing,935.36
PROD200515,STORE1072,Item 515,Accessories,1061.54
PROD200516,STORE1016,Item 516,Accessories,450.57
PROD200517,STORE1026,Item 517,Electronics,621.08
PROD200518,STORE1046,Item 518,Shoes,339.55
PROD200519,STORE1001,Item 519,Clothing,1399.14
PROD200520,STORE1062,Item 520,Clothing,734.72
PROD200521,STORE1061,Item 521,Clothing,947.52
PROD200522,STORE1099,Item 522,Clothing,1102.74
PROD200523,STORE1018,Item 523,Accessories,559.8
PROD200524,STORE1016,Item 524,Cosmetics,1081.55
PROD200525,STORE1068,Item 525,Cosmetics,1015.61
PROD200526,STORE1038,Item 526,Electronics,1059.96
PROD200527,STORE1081,Item 527,Home Goods,736.4
PROD200528,STORE1116,Item 528,Food,577.49
PROD200529,STORE1117,Item 529,Shoes,337.01
PROD200530,STORE1070,Item 530,Cosmetics,1237.82
PROD200531,STORE1080,Item 531,Home Goods,914.48
PROD200532,STORE1038,Item 532,Clothing,669.31
PROD200533,STORE1035,Item 533,Cosmetics,1416.27
PROD200534,STORE1039,Item 534,Electronics,76.52
PROD200535,STORE1044,Item 535,Food,1276.01
PROD200536,STORE1003,Item 536,Cosmetics,1496.39
PROD200537,STORE1101,Item 537,Electronics,1330.98
PROD200538,STORE1024,Item 538,Accessories,1216.6
PROD200539,STORE1068,Item 539,Food,564.59
PROD200540,STORE1029,Item 540,Electronics,350.81
PROD200541,STORE1075,Item 541,Home Goods,1103.6
PROD200542,STORE1067,Item 542,Cosmetics,460.34
PROD200543,STORE1087,Item 543,Accessories,268.18
PROD200544,STORE1028,Item 544,Home Goods,1180.86
PROD200545,STORE1072,Item 545,Electronics,472.25
PROD200546,STORE1067,Item 546,Electronics,1372.09
PROD200547,STORE1050,Item 547,Home Goods,1261.75
PROD200548,STORE1023,Item 548,Cosmetics,1272.22
PROD200549,STORE1013,Item 549,Food,1158.5
PROD200550,STORE1068,Item 550,Accessories,1321.92
PROD200551,STORE1017,Item 551,Clothing,1209.59
PROD200552,STORE1041,Item 552,Shoes,905.75
PROD200553,STORE1056,Item 553,Food,447.25
PROD200554,STORE1082,Item 554,Accessories,1332.87
PROD200555,STORE1011,Item 555,Home Goods,1261.7
PROD200556,STORE1081,Item 556,Electronics,711.95
PROD200557,STORE1016,Item 557,Home Goods,63.42
PROD200558,STORE1029,Item 558,Accessories,959.62
PROD200559,STORE1087,Item 559,Home Goods,80.64
PROD200560,STORE1074,Item 560,Home Goods,1389.79
PROD200561,STORE1098,Item 561,Shoes,1442.64
PROD200562,STORE1022,Item 562,Cosmetics,288.29
PROD200563,STORE1080,Item 563,Shoes,1016.2
PROD200564,STORE1000,Item 564,Clothing,142.94
PROD200565,STORE1078,Item 565,Clothing,1095.63
PROD200566,STORE1031,Item 566,Shoes,524.2
PROD200567,STORE1008,Item 567,Food,1023.17
PROD200568,STORE1014,Item 568,Food,562.45
PROD200569,STORE1027,Item 569,Home Goods,222.62
PROD200570,STORE1023,Item 570,Home Goods,612.13
PROD200571,STORE1059,Item 571,Electronics,173.45
PROD200572,STORE1034,Item 572,Clothing,867.44
PROD200573,STORE1085,Item 573,Electronics,66.22
PROD200574,STORE1026,Item 574,Clothing,793.34
PROD200575,STORE1082,Item 575,Shoes,1330.12
PROD200576,STORE1108,Item 576,Food,1257.62
PROD200577,STORE1075,Item 577,Home Goods,1324.76
PROD200578,STORE1019,Item 578,Food,1383.46
PROD200579,STORE1064,Item 579,Shoes,161.27
PROD200580,STORE1084,Item 580,Electronics,197.48
PROD200581,STORE1048,Item 581,Electronics,837.73
PROD200582,STORE1108,Item 582,Accessories,1341.49
PROD200583,STORE1000,Item 583,Home Goods,1461.65
PROD200584,STORE1009,Item 584,Home Goods,74.16
PROD200585,STORE1046,Item 585,Home Goods,536.88
PROD200586,STORE1058,Item 586,Clothing,323.28
PROD200587,STORE1095,Item 587,Electronics,1135.17
PROD200588,STORE1061,Item 588,Shoes,962.09
PROD200589,STORE1102,Item 589,Electronics,184.23
PROD200590,STORE1085,Item 590,Food,727.87
PROD200591,STORE1017,Item 591,Clothing,1029.73
PROD200592,STORE1111,Item 592,Home Goods,1169.61
PROD200593,STORE1045,Item 593,Cosmetics,34.98
PROD200594,STORE1031,Item 594,Accessories,1336.25
PROD200595,STORE1026,Item 595,Clothing,856.08
PROD200596,STORE1091,Item 596,Food,1218.8
PROD200597,STORE1017,Item 597,Home Goods,1212.87
PROD200598,STORE1038,Item 598,Food,288.83
PROD200599,STORE1048,Item 599,Food,169.71
PROD200600,STORE1092,Item 600,Home Goods,1083.32
PROD200601,STORE1081,Item 601,Food,238.86
PROD200602,STORE1043,Item 602,Shoes,1275.66
PROD200603,STORE1071,Item 603,Accessories,1090.65
PROD200604,STORE1053,Item 604,Cosmetics,1263.53
PROD200605,STORE1094,Item 605,Food,452.02
PROD200606,STORE1033,Item 606,Food,478.31
PROD200607,STORE1070,Item 607,Electronics,1008.48
PROD200608,STORE1035,Item 608,Accessories,52.01
PROD200609,STORE1017,Item 609,Clothing,1091.11
PROD200610,STORE1037,Item 610,Accessories,1254.5
PROD200611,STORE1058,Item 611,Accessories,625.67
PROD200612,STORE1008,Item 612,Home Goods,1148.49
PROD200613,STORE1072,Item 613,Home Goods,266.04
PROD200614,STORE1109,Item 614,Home Goods,486.78
PROD200615,STORE1071,Item 615,Cosmetics,1461.59
PROD200616,STORE1050,Item 616,Accessories,1479.56
PROD200617,STORE1034,Item 617,Cosmetics,771.34
PROD200618,STORE1081,Item 618,Food,1401.73
PROD200619,STORE1004,Item 619,Home Goods,786.48
PROD200620,STORE1013,Item 620,Food,440.92
PROD200621,STORE1091,Item 621,Home Goods,404.01
PROD200622,STORE1029,Item 622,Shoes,1394.61
PROD200623,STORE1003,Item 623,Cosmetics,262.81
PROD200624,STORE1038,Item 624,Cosmetics,871.55
PROD200625,STORE1083,Item 625,Clothing,835.51
PROD200626,STORE1063,Item 626,Electronics,1110.73
PROD200627,STORE1024,Item 627,Accessories,751.37
PROD200628,STORE1027,Item 628,Clothing,412.07
PROD200629,STORE1075,Item 629,Cosmetics,258.25
PROD200630,STORE1065,Item 630,Clothing,933.12
PROD200631,STORE1106,Item 631,Shoes,1079.89
PROD200632,STORE1077,Item 632,Electronics,856.43
PROD200633,STORE1021,Item 633,Cosmetics,1108.84
PROD200634,STORE1030,Item 634,Cosmetics,216.57
PROD200635,STORE1022,Item 635,Accessories,1324.29
PROD200636,STORE1047,Item 636,Home Goods,875.68
PROD200637,STORE1019,Item 637,Electronics,194.63
PROD200638,STORE1037,Item 638,Shoes,695.58
PROD200639,STORE1054,Item 639,Food,1267.96
PROD200640,STORE1067,Item 640,Clothing,1346.86
PROD200641,STORE1078,Item 641,Accessories,400.65
PROD200642,STORE1087,Item 642,Cosmetics,1068.34
PROD200643,STORE1088,Item 643,Food,154.48
PROD200644,STORE1000,Item 644,Shoes,55.15
PROD200645,STORE1006,Item 645,Electronics,842.8
PROD200646,STORE1056,Item 646,Clothing,1043.77
PROD200647,STORE1094,Item 647,Accessories,1194.7
PROD200648,STORE1011,Item 648,Cosmetics,513.62
PROD200649,STORE1105,Item 649,Cosmetics,14.76
PROD200650,STORE1004,Item 650,Food,721.88
PROD200651,STORE1107,Item 651,Food,28.7
PROD200652,STORE1049,Item 652,Clothing,142.52
PROD200653,STORE1041,Item 653,Electronics,493.4
PROD200654,STORE1101,Item 654,Shoes,658.57
PROD200655,STORE1011,Item 655,Home Goods,422.81
PROD200656,STORE1102,Item 656,Electronics,874.89
PROD200657,STORE1017,Item 657,Electronics,87.75
PROD200658,STORE1065,Item 658,Electronics,221.15
PROD200659,STORE1073,Item 659,Home Goods,1044.41
PROD200660,STORE1078,Item 660,Clothing,217.5
PROD200661,STORE1093,Item 661,Home Goods,961.46
PROD200662,STORE1107,Item 662,Clothing,86.75
PROD200663,STORE1016,Item 663,Home Goods,614.04
PROD200664,STORE1067,Item 664,Shoes,270.23
PROD200665,STORE1070,Item 665,Electronics,168.91
PROD200666,STORE1061,Item 666,Clothing,852.71
PROD200667,STORE1040,Item 667,Home Goods,1392.86
PROD200668,STORE1094,Item 668,Shoes,86.91
PROD200669,STORE1114,Item 669,Home Goods,635.22
PROD200670,STORE1118,Item 670,Cosmetics,1062.77
PROD200671,STORE1102,Item 671,Shoes,696.72
PROD200672,STORE1118,Item 672,Electronics,1210.71
PROD200673,STORE1033,Item 673,Accessories,273.57
PROD200674,STORE1069,Item 674,Electronics,1439.59
PROD200675,STORE1113,Item 675,Accessories,580.82
PROD200676,STORE1101,Item 676,Shoes,515.65
PROD200677,STORE1044,Item 677,Cosmetics,1312.54
PROD200678,STORE1057,Item 678,Cosmetics,847.98
PROD200679,STORE1050,Item 679,Clothing,777.08
PROD200680,STORE1033,Item 680,Cosmetics,1091.83
PROD200681,STORE1043,Item 681,Food,871.85
PROD200682,STORE1014,Item 682,Shoes,247.96
PROD200683,STORE1077,Item 683,Clothing,1012.93
PROD200684,STORE1069,Item 684,Cosmetics,204.54
PROD200685,STORE1049,Item 685,Shoes,1209.76
PROD200686,STORE1100,Item 686,Electronics,1484.66
PROD200687,STORE1113,Item 687,Cosmetics,569.19
PROD200688,STORE1031,Item 688,Home Goods,669.91
PROD200689,STORE1066,Item 689,Accessories,74.42
PROD200690,STORE1002,Item 690,Shoes,25.53
PROD200691,STORE1085,Item 691,Clothing,1382.52
PROD200692,STORE1085,Item 692,Electronics,197.29
PROD200693,STORE1073,Item 693,Food,671.44
PROD200694,STORE1050,Item 694,Electronics,1223.96
PROD200695,STORE1066,Item 695,Cosmetics,1334.53
PROD200696,STORE1075,Item 696,Accessories,781.5
PROD200697,STORE1092,Item 697,Electronics,849.72
PROD200698,STORE1047,Item 698,Food,1006.18
PROD200699,STORE1016,Item 699,Home Goods,1442.27
PROD200700,STORE1006,Item 700,Clothing,905.99
PROD200701,STORE1012,Item 701,Shoes,841.42
PROD200702,STORE1119,Item 702,Accessories,26.73
PROD200703,STORE1065,Item 703,Food,126.02
PROD200704,STORE1003,Item 704,Cosmetics,867.87
PROD200705,STORE1009,Item 705,Cosmetics,1404.68
PROD200706,STORE1102,Item 706,Cosmetics,1300.7
PROD200707,STORE1087,Item 707,Accessories,1473.96
PROD200708,STORE1016,Item 708,Electronics,794.11
PROD200709,STORE1051,Item 709,Accessories,1182.96
PROD200710,STORE1005,Item 710,Cosmetics,1261.4
PROD200711,STORE1082,Item 711,Home Goods,973.81
PROD200712,STORE1068,Item 712,Food,511.43
PROD200713,STORE1095,Item 713,Shoes,707.62
PROD200714,STORE1073,Item 714,Shoes,1287.59
PROD200715,STORE1008,Item 715,Accessories,451.33
PROD200716,STORE1090,Item 716,Cosmetics,1386.0
PROD200717,STORE1076,Item 717,Clothing,348.56
PROD200718,STORE1082,Item 718,Home Goods,1125.53
PROD200719,STORE1020,Item 719,Accessories,947.69
PROD200720,STORE1023,Item 720,Cosmetics,1125.65
PROD200721,STORE1101,Item 721,Electronics,658.83
PROD200722,STORE1003,Item 722,Shoes,1399.3
PROD200723,STORE1023,Item 723,Shoes,950.55
PROD200724,STORE1058,Item 724,Home Goods,436.0
PROD200725,STORE1098,Item 725,Shoes,959.49
PROD200726,STORE1002,Item 726,Clothing,433.79
PROD200727,STORE1067,Item 727,Cosmetics,443.98
PROD200728,STORE1100,Item 728,Cosmetics,602.4
PROD200729,STORE1039,Item 729,Home Goods,1279.38
PROD200730,STORE1047,Item 730,Cosmetics,752.95
PROD200731,STORE1053,Item 731,Home Goods,1019.96
PROD200732,STORE1034,Item 732,Cosmetics,590.99
PROD200733,STORE1094,Item 733,Clothing,399.09
PROD200734,STORE1055,Item 734,Food,1432.19
PROD200735,STORE1107,Item 735,Accessories,907.35
PROD200736,STORE1088,Item 736,Accessories,1401.26
PROD200737,STORE1039,Item 737,Cosmetics,309.1
PROD200738,STORE1076,Item 738,Electronics,224.61
PROD200739,STORE1067,Item 739,Shoes,1284.46
PROD200740,STORE1045,Item 740,Clothing,1022.97
PROD200741,STORE1077,Item 741,Electronics,283.93
PROD200742,STORE1012,Item 742,Electronics,407.69
PROD200743,STORE1026,Item 743,Cosmetics,1201.99
PROD200744,STORE1005,Item 744,Clothing,683.53
PROD200745,STORE1016,Item 745,Accessories,1007.46
PROD200746,STORE1035,Item 746,Shoes,480.94
PROD200747,STORE1103,Item 747,Accessories,574.94
PROD200748,STORE1112,Item 748,Electronics,1486.12
PROD200749,STORE1098,Item 749,Shoes,375.19
PROD200750,STORE1080,Item 750,Food,762.15
PROD200751,STORE1104,Item 751,Electronics,1267.38
PROD200752,STORE1001,Item 752,Accessories,362.64
PROD200753,STORE1076,Item 753,Accessories,625.74
PROD200754,STORE1051,Item 754,Cosmetics,924.56
PROD200755,STORE1065,Item 755,Accessories,724.38
PROD200756,STORE1051,Item 756,Clothing,691.96
PROD200757,STORE1091,Item 757,Electronics,546.95
PROD200758,STORE1042,Item 758,Home Goods,882.04
PROD200759,STORE1089,Item 759,Home Goods,938.44
PROD200760,STORE1021,Item 760,Shoes,981.67
PROD200761,STORE1110,Item 761,Accessories,110.2
PROD200762,STORE1106,Item 762,Cosmetics,948.4
PROD200763,STORE1054,Item 763,Cosmetics,1430.09
PROD200764,STORE1066,Item 764,Accessories,813.77
PROD200765,STORE1098,Item 765,Clothing,1074.32
PROD200766,STORE1059,Item 766,Cosmetics,837.31
PROD200767,STORE1057,Item 767,Home Goods,1282.84
PROD200768,STORE1011,Item 768,Shoes,1394.73
PROD200769,STORE1087,Item 769,Electronics,280.41
PROD200770,STORE1068,Item 770,Food,658.11
PROD200771,STORE1083,Item 771,Clothing,591.61
PROD200772,STORE1102,Item 772,Cosmetics,610.8
PROD200773,STORE1038,Item 773,Electronics,192.66
PROD200774,STORE1012,Item 774,Food,1221.36
PROD200775,STORE1040,Item 775,Accessories,58.47
PROD200776,STORE1056,Item 776,Accessories,794.7
PROD200777,STORE1052,Item 777,Shoes,994.51
PROD200778,STORE1108,Item 778,Food,315.17
PROD200779,STORE1011,Item 779,Accessories,1359.25
PROD200780,STORE1012,Item 780,Accessories,1258.63
PROD200781,STORE1119,Item 781,Home Goods,709.27
PROD200782,STORE1073,Item 782,Cosmetics,619.67
PROD200783,STORE1096,Item 783,Shoes,358.67
PROD200784,STORE1056,Item 784,Electronics,1096.34
PROD200785,STORE1039,Item 785,Accessories,201.96
PROD200786,STORE1117,Item 786,Home Goods,1021.96
PROD200787,STORE1079,Item 787,Clothing,1264.47
PROD200788,STORE1044,Item 788,Clothing,346.57
PROD200789,STORE1034,Item 789,Electronics,1300.31
PROD200790,STORE1002,Item 790,Food,54.82
PROD200791,STORE1119,Item 791,Shoes,1369.62
PROD200792,STORE1004,Item 792,Home Goods,181.95
PROD200793,STORE1089,Item 793,Cosmetics,970.41
PROD200794,STORE1010,Item 794,Home Goods,378.87
PROD200795,STORE1070,Item 795,Clothing,1255.65
PROD200796,STORE1116,Item 796,Clothing,770.89
PROD200797,STORE1055,Item 797,Electronics,207.19
PROD200798,STORE1009,Item 798,Food,858.63
PROD200799,STORE1105,Item 799,Food,614.78
PROD200800,STORE1115,Item 800,Electronics,993.86
PROD200801,STORE1033,Item 801,Home Goods,1323.45
PROD200802,STORE1066,Item 802,Clothing,617.04
PROD200803,STORE1071,Item 803,Home Goods,438.37
PROD200804,STORE1030,Item 804,Home Goods,26.7
PROD200805,STORE1074,Item 805,Shoes,864.38
PROD200806,STORE1108,Item 806,Clothing,606.4
PROD200807,STORE1070,Item 807,Food,565.1
PROD200808,STORE1108,Item 808,Cosmetics,278.49
PROD200809,STORE1065,Item 809,Home Goods,647.93
PROD200810,STORE1069,Item 810,Clothing,1476.74
PROD200811,STORE1040,Item 811,Home Goods,450.14
PROD200812,STORE1062,Item 812,Shoes,901.56
PROD200813,STORE1031,Item 813,Accessories,1165.85
PROD200814,STORE1019,Item 814,Clothing,1124.99
PROD200815,STORE1056,Item 815,Electronics,496.52
PROD200816,STORE1097,Item 816,Accessories,918.24
PROD200817,STORE1049,Item 817,Home Goods,1307.54
PROD200818,STORE1079,Item 818,Electronics,28.09
PROD200819,STORE1024,Item 819,Electronics,656.42
PROD200820,STORE1011,Item 820,Electronics,340.29
PROD200821,STORE1070,Item 821,Clothing,586.01
PROD200822,STORE1038,Item 822,Food,626.9
PROD200823,STORE1016,Item 823,Home Goods,1121.27
PROD200824,STORE1044,Item 824,Accessories,145.26
PROD200825,STORE1010,Item 825,Shoes,771.31
PROD200826,STORE1069,Item 826,Food,848.47
PROD200827,STORE1022,Item 827,Home Goods,743.77
PROD200828,STORE1090,Item 828,Clothing,1099.15
PROD200829,STORE1109,Item 829,Electronics,578.77
PROD200830,STORE1069,Item 830,Shoes,1417.73
PROD200831,STORE1037,Item 831,Home Goods,725.3
PROD200832,STORE1001,Item 832,Accessories,858.96
PROD200833,STORE1085,Item 833,Home Goods,1239.17
PROD200834,STORE1083,Item 834,Food,416.48
PROD200835,STORE1088,Item 835,Cosmetics,117.43
PROD200836,STORE1078,Item 836,Food,1063.14
PROD200837,STORE1112,Item 837,Home Goods,727.1
PROD200838,STORE1092,Item 838,Shoes,1345.27
PROD200839,STORE1071,Item 839,Home Goods,1474.11
PROD200840,STORE1036,Item 840,Home Goods,601.67
PROD200841,STORE1048,Item 841,Clothing,626.08
PROD200842,STORE1051,Item 842,Accessories,614.9
PROD200843,STORE1032,Item 843,Shoes,490.21
PROD200844,STORE1021,Item 844,Home Goods,1173.62
PROD200845,STORE1113,Item 845,Electronics,1139.7
PROD200846,STORE1110,Item 846,Accessories,720.57
PROD200847,STORE1004,Item 847,Food,71.77
PROD200848,STORE1102,Item 848,Shoes,467.79
PROD200849,STORE1017,Item 849,Food,441.99
PROD200850,STORE1037,Item 850,Home Goods,1217.58
PROD200851,STORE1117,Item 851,Food,135.93
PROD200852,STORE1116,Item 852,Food,1209.48
PROD200853,STORE1036,Item 853,Clothing,1005.43
PROD200854,STORE1093,Item 854,Food,1100.0
PROD200855,STORE1114,Item 855,Electronics,651.16
PROD200856,STORE1094,Item 856,Electronics,1021.19
PROD200857,STORE1063,Item 857,Accessories,915.5
PROD200858,STORE1009,Item 858,Home Goods,1154.63
PROD200859,STORE1078,Item 859,Cosmetics,672.92
PROD200860,STORE1041,Item 860,Food,711.87
PROD200861,STORE1047,Item 861,Food,967.15
PROD200862,STORE1043,Item 862,Shoes,166.58
PROD200863,STORE1081,Item 863,Clothing,657.19
PROD200864,STORE1086,Item 864,Cosmetics,1458.07
PROD200865,STORE1096,Item 865,Accessories,61.14
PROD200866,STORE1015,Item 866,Cosmetics,477.43
PROD200867,STORE1053,Item 867,Food,474.59
PROD200868,STORE1101,Item 868,Shoes,952.03
PROD200869,STORE1034,Item 869,Home Goods,163.17
PROD200870,STORE1097,Item 870,Clothing,944.67
PROD200871,STORE1027,Item 871,Home Goods,147.09
PROD200872,STORE1001,Item 872,Accessories,146.96
PROD200873,STORE1093,Item 873,Cosmetics,1093.63
PROD200874,STORE1012,Item 874,Accessories,489.58
PROD200875,STORE1040,Item 875,Food,1466.25
PROD200876,STORE1079,Item 876,Accessories,60.84
PROD200877,STORE1058,Item 877,Home Goods,670.43
PROD200878,STORE1068,Item 878,Shoes,174.14
PROD200879,STORE1118,Item 879,Accessories,530.31
PROD200880,STORE1091,Item 880,Electronics,1497.34
PROD200881,STORE1052,Item 881,Shoes,1333.82
PROD200882,STORE1102,Item 882,Cosmetics,77.24
PROD200883,STORE1044,Item 883,Clothing,847.07
PROD200884,STORE1019,Item 884,Clothing,973.49
PROD200885,STORE1023,Item 885,Food,318.25
PROD200886,STORE1060,Item 886,Food,221.93
PROD200887,STORE1090,Item 887,Electronics,1357.05
PROD200888,STORE1093,Item 888,Cosmetics,1453.38
PROD200889,STORE1057,Item 889,Home Goods,1487.88
PROD200890,STORE1108,Item 890,Clothing,1185.69
PROD200891,STORE1026,Item 891,Clothing,996.94
PROD200892,STORE1025,Item 892,Clothing,521.87
PROD200893,STORE1006,Item 893,Home Goods,261.24
PROD200894,STORE1041,Item 894,Clothing,123.08
PROD200895,STORE1046,Item 895,Accessories,1041.48
PROD200896,STORE1052,Item 896,Cosmetics,1178.16
PROD200897,STORE1058,Item 897,Shoes,1240.55
PROD200898,STORE1037,Item 898,Shoes,1371.08
PROD200899,STORE1068,Item 899,Electronics,1320.49
PROD200900,STORE1086,Item 900,Accessories,1499.61
PROD200901,STORE1091,Item 901,Clothing,369.88
PROD200902,STORE1097,Item 902,Clothing,1146.14
PROD200903,STORE1052,Item 903,Food,881.76
PROD200904,STORE1014,Item 904,Food,395.56
PROD200905,STORE1095,Item 905,Electronics,1472.95
PROD200906,STORE1025,Item 906,Clothing,1347.36
PROD200907,STORE1047,Item 907,Electronics,197.13
PROD200908,STORE1094,Item 908,Accessories,44.11
PROD200909,STORE1018,Item 909,Shoes,1034.05
PROD200910,STORE1008,Item 910,Clothing,908.18
PROD200911,STORE1063,Item 911,Cosmetics,1404.04
PROD200912,STORE1092,Item 912,Home Goods,354.84
PROD200913,STORE1053,Item 913,Accessories,131.16
PROD200914,STORE1050,Item 914,Clothing,392.53
PROD200915,STORE1038,Item 915,Home Goods,33.3
PROD200916,STORE1003,Item 916,Cosmetics,58.66
PROD200917,STORE1002,Item 917,Food,1372.71
PROD200918,STORE1119,Item 918,Electronics,531.26
PROD200919,STORE1063,Item 919,Food,619.16
PROD200920,STORE1028,Item 920,Shoes,32.47
PROD200921,STORE1115,Item 921,Food,409.43
PROD200922,STORE1010,Item 922,Clothing,1208.07
PROD200923,STORE1096,Item 923,Cosmetics,925.16
PROD200924,STORE1101,Item 924,Food,1131.9
PROD200925,STORE1057,Item 925,Clothing,673.58
PROD200926,STORE1074,Item 926,Shoes,468.05
PROD200927,STORE1026,Item 927,Home Goods,726.8
PROD200928,STORE1096,Item 928,Cosmetics,487.99
PROD200929,STORE1020,Item 929,Food,1259.26
PROD200930,STORE1038,Item 930,Electronics,450.02
PROD200931,STORE1094,Item 931,Electronics,991.35
PROD200932,STORE1101,Item 932,Cosmetics,209.79
PROD200933,STORE1045,Item 933,Electronics,1031.87
PROD200934,STORE1065,Item 934,Food,1370.38
PROD200935,STORE1090,Item 935,Food,914.83
PROD200936,STORE1035,Item 936,Cosmetics,841.98
PROD200937,STORE1074,Item 937,Food,1441.87
PROD200938,STORE1110,Item 938,Home Goods,942.96
PROD200939,STORE1081,Item 939,Clothing,393.03
PROD200940,STORE1064,Item 940,Shoes,442.12
PROD200941,STORE1062,Item 941,Home Goods,1059.43
PROD200942,STORE1098,Item 942,Home Goods,1104.48
PROD200943,STORE1034,Item 943,Electronics,458.73
PROD200944,STORE1030,Item 944,Clothing,521.29
PROD200945,STORE1027,Item 945,Cosmetics,1486.63
PROD200946,STORE1102,Item 946,Electronics,157.42
PROD200947,STORE1000,Item 947,Clothing,609.94
PROD200948,STORE1024,Item 948,Food,98.36
PROD200949,STORE1042,Item 949,Cosmetics,1232.51
PROD200950,STORE1101,Item 950,Cosmetics,143.06
PROD200951,STORE1083,Item 951,Electronics,1012.64
PROD200952,STORE1066,Item 952,Food,89.44
PROD200953,STORE1062,Item 953,Electronics,1010.92
PROD200954,STORE1050,Item 954,Accessories,1265.34
PROD200955,STORE1001,Item 955,Clothing,601.24
PROD200956,STORE1081,Item 956,Accessories,785.58
PROD200957,STORE1107,Item 957,Clothing,605.3
PROD200958,STORE1063,Item 958,Shoes,454.23
PROD200959,STORE1073,Item 959,Home Goods,1205.88
PROD200960,STORE1068,Item 960,Cosmetics,411.64
PROD200961,STORE1008,Item 961,Electronics,1085.8
PROD200962,STORE1001,Item 962,Shoes,313.26
PROD200963,STORE1033,Item 963,Shoes,378.53
PROD200964,STORE1059,Item 964,Cosmetics,508.01
PROD200965,STORE1101,Item 965,Cosmetics,885.79
PROD200966,STORE1060,Item 966,Clothing,684.36
PROD200967,STORE1030,Item 967,Accessories,1118.99
PROD200968,STORE1009,Item 968,Food,324.28
PROD200969,STORE1113,Item 969,Clothing,20.96
PROD200970,STORE1075,Item 970,Food,1165.95
PROD200971,STORE1035,Item 971,Shoes,1233.37
PROD200972,STORE1117,Item 972,Food,93.92
PROD200973,STORE1084,Item 973,Accessories,918.31
PROD200974,STORE1048,Item 974,Clothing,570.42
PROD200975,STORE1110,Item 975,Cosmetics,1191.87
PROD200976,STORE1069,Item 976,Accessories,1312.25
PROD200977,STORE1111,Item 977,Home Goods,1277.25
PROD200978,STORE1048,Item 978,Accessories,1166.92
PROD200979,STORE1002,Item 979,Home Goods,407.23
PROD200980,STORE1073,Item 980,Clothing,1218.78
PROD200981,STORE1004,Item 981,Cosmetics,802.55
PROD200982,STORE1109,Item 982,Accessories,83.87
PROD200983,STORE1089,Item 983,Home Goods,688.12
PROD200984,STORE1060,Item 984,Cosmetics,1413.53
PROD200985,STORE1084,Item 985,Electronics,1332.35
PROD200986,STORE1108,Item 986,Electronics,157.89
PROD200987,STORE1089,Item 987,Electronics,1117.47
PROD200988,STORE1101,Item 988,Food,1209.66
PROD200989,STORE1107,Item 989,Accessories,410.73
PROD200990,STORE1025,Item 990,Clothing,710.05
PROD200991,STORE1071,Item 991,Clothing,1067.93
PROD200992,STORE1004,Item 992,Food,661.37
PROD200993,STORE1014,Item 993,Clothing,173.63
PROD200994,STORE1015,Item 994,Home Goods,1060.29
PROD200995,STORE1000,Item 995,Electronics,1367.9
PROD200996,STORE1015,Item 996,Accessories,980.46
PROD200997,STORE1036,Item 997,Clothing,1161.83
PROD200998,STORE1002,Item 998,Clothing,540.75
PROD200999,STORE1051,Item 999,Shoes,278.88
PROD201000,STORE1046,Item 1000,Shoes,965.95
PROD201001,STORE1094,Item 1001,Shoes,495.02
PROD201002,STORE1012,Item 1002,Accessories,1290.81
PROD201003,STORE1119,Item 1003,Electronics,188.33
PROD201004,STORE1079,Item 1004,Cosmetics,653.03
PROD201005,STORE1054,Item 1005,Electronics,598.11
PROD201006,STORE1106,Item 1006,Electronics,1407.39
PROD201007,STORE1020,Item 1007,Accessories,233.94
PROD201008,STORE1065,Item 1008,Home Goods,19.72
PROD201009,STORE1053,Item 1009,Home Goods,360.94
PROD201010,STORE1026,Item 1010,Accessories,1231.31
PROD201011,STORE1037,Item 1011,Shoes,317.94
PROD201012,STORE1089,Item 1012,Clothing,365.11
PROD201013,STORE1057,Item 1013,Food,199.2
PROD201014,STORE1061,Item 1014,Food,1074.58
PROD201015,STORE1101,Item 1015,Cosmetics,108.42
PROD201016,STORE1045,Item 1016,Clothing,500.16
PROD201017,STORE1088,Item 1017,Cosmetics,427.34
PROD201018,STORE1010,Item 1018,Shoes,834.96
PROD201019,STORE1071,Item 1019,Cosmetics,1096.97
PROD201020,STORE1007,Item 1020,Clothing,801.65
PROD201021,STORE1096,Item 1021,Clothing,1396.88
PROD201022,STORE1116,Item 1022,Food,1427.41
PROD201023,STORE1070,Item 1023,Home Goods,545.39
PROD201024,STORE1063,Item 1024,Shoes,1167.63
PROD201025,STORE1101,Item 1025,Accessories,1109.51
PROD201026,STORE1020,Item 1026,Cosmetics,1339.98
PROD201027,STORE1071,Item 1027,Food,674.68
PROD201028,STORE1114,Item 1028,Cosmetics,798.06
PROD201029,STORE1117,Item 1029,Cosmetics,626.58
PROD201030,STORE1062,Item 1030,Accessories,1276.31
PROD201031,STORE1084,Item 1031,Shoes,348.4
PROD201032,STORE1063,Item 1032,Clothing,363.37
PROD201033,STORE1119,Item 1033,Electronics,562.04
PROD201034,STORE1019,Item 1034,Cosmetics,349.36
PROD201035,STORE1007,Item 1035,Electronics,843.71
PROD201036,STORE1057,Item 1036,Shoes,206.06
PROD201037,STORE1045,Item 1037,Electronics,483.68
PROD201038,STORE1030,Item 1038,Cosmetics,1370.6
PROD201039,STORE1113,Item 1039,Accessories,616.79
PROD201040,STORE1092,Item 1040,Electronics,1123.61
PROD201041,STORE1111,Item 1041,Shoes,174.63
PROD201042,STORE1008,Item 1042,Shoes,375.11
PROD201043,STORE1014,Item 1043,Home Goods,1211.98
PROD201044,STORE1093,Item 1044,Home Goods,1145.67
PROD201045,STORE1025,Item 1045,Accessories,582.3
PROD201046,STORE1009,Item 1046,Electronics,1431.82
PROD201047,STORE1028,Item 1047,Electronics,1366.41
PROD201048,STORE1117,Item 1048,Home Goods,1443.64
PROD201049,STORE1079,Item 1049,Clothing,644.73
PROD201050,STORE1035,Item 1050,Food,300.22
PROD201051,STORE1083,Item 1051,Shoes,941.85
PROD201052,STORE1108,Item 1052,Clothing,1028.74
PROD201053,STORE1117,Item 1053,Shoes,192.54
PROD201054,STORE1036,Item 1054,Clothing,1180.79
PROD201055,STORE1085,Item 1055,Home Goods,32.0
PROD201056,STORE1070,Item 1056,Home Goods,726.68
PROD201057,STORE1022,Item 1057,Food,499.87
PROD201058,STORE1040,Item 1058,Clothing,1111.75
PROD201059,STORE1103,Item 1059,Shoes,472.58
PROD201060,STORE1092,Item 1060,Electronics,1241.08
PROD201061,STORE1079,Item 1061,Shoes,894.46
PROD201062,STORE1101,Item 1062,Cosmetics,1191.87
PROD201063,STORE1027,Item 1063,Home Goods,1484.06
PROD201064,STORE1047,Item 1064,Accessories,1020.34
PROD201065,STORE1037,Item 1065,Accessories,1477.5
PROD201066,STORE1030,Item 1066,Home Goods,48.11
PROD201067,STORE1013,Item 1067,Cosmetics,510.52
PROD201068,STORE1116,Item 1068,Accessories,166.24
PROD201069,STORE1096,Item 1069,Home Goods,397.15
PROD201070,STORE1072,Item 1070,Accessories,1259.14
PROD201071,STORE1090,Item 1071,Home Goods,53.32
PROD201072,STORE1087,Item 1072,Food,782.67
PROD201073,STORE1076,Item 1073,Electronics,852.86
PROD201074,STORE1089,Item 1074,Electronics,843.92
PROD201075,STORE1028,Item 1075,Shoes,715.57
PROD201076,STORE1050,Item 1076,Cosmetics,1186.95
PROD201077,STORE1048,Item 1077,Home Goods,204.65
PROD201078,STORE1042,Item 1078,Clothing,469.31
PROD201079,STORE1091,Item 1079,Shoes,925.51
PROD201080,STORE1091,Item 1080,Shoes,1037.97
PROD201081,STORE1071,Item 1081,Home Goods,609.2
PROD201082,STORE1086,Item 1082,Home Goods,1313.68
PROD201083,STORE1092,Item 1083,Shoes,626.16
PROD201084,STORE1004,Item 1084,Shoes,607.15
PROD201085,STORE1041,Item 1085,Electronics,59.13
PROD201086,STORE1006,Item 1086,Clothing,828.96
PROD201087,STORE1041,Item 1087,Shoes,1064.48
PROD201088,STORE1035,Item 1088,Electronics,176.09
PROD201089,STORE1104,Item 1089,Shoes,461.62
PROD201090,STORE1026,Item 1090,Accessories,1172.98
PROD201091,STORE1057,Item 1091,Shoes,552.05
PROD201092,STORE1045,Item 1092,Home Goods,366.2
PROD201093,STORE1065,Item 1093,Cosmetics,1009.94
PROD201094,STORE1024,Item 1094,Cosmetics,299.15
PROD201095,STORE1072,Item 1095,Shoes,1344.0
PROD201096,STORE1116,Item 1096,Food,162.87
PROD201097,STORE1026,Item 1097,Accessories,1061.29
PROD201098,STORE1000,Item 1098,Clothing,751.83
PROD201099,STORE1086,Item 1099,Shoes,1305.54
PROD201100,STORE1073,Item 1100,Clothing,193.66
PROD201101,STORE1041,Item 1101,Accessories,1018.45
PROD201102,STORE1051,Item 1102,Shoes,860.22
PROD201103,STORE1024,Item 1103,Food,722.73
PROD201104,STORE1053,Item 1104,Electronics,739.65
PROD201105,STORE1066,Item 1105,Food,1084.36
PROD201106,STORE1005,Item 1106,Home Goods,1406.92
PROD201107,STORE1057,Item 1107,Food,141.42
PROD201108,STORE1069,Item 1108,Electronics,34.16
PROD201109,STORE1052,Item 1109,Home Goods,1209.53
PROD201110,STORE1065,Item 1110,Electronics,166.71
PROD201111,STORE1057,Item 1111,Cosmetics,1480.11
PROD201112,STORE1081,Item 1112,Electronics,930.93
PROD201113,STORE1086,Item 1113,Shoes,978.05
PROD201114,STORE1001,Item 1114,Clothing,302.34
PROD201115,STORE1075,Item 1115,Cosmetics,364.27
PROD201116,STORE1021,Item 1116,Cosmetics,990.73
PROD201117,STORE1036,Item 1117,Clothing,1365.04
PROD201118,STORE1019,Item 1118,Cosmetics,1473.67
PROD201119,STORE1102,Item 1119,Electronics,301.06
PROD201120,STORE1023,Item 1120,Food,205.51
PROD201121,STORE1111,Item 1121,Accessories,89.32
PROD201122,STORE1083,Item 1122,Electronics,1303.1
PROD201123,STORE1064,Item 1123,Home Goods,445.6
PROD201124,STORE1064,Item 1124,Home Goods,7.71
PROD201125,STORE1080,Item 1125,Food,339.61
PROD201126,STORE1000,Item 1126,Food,513.96
PROD201127,STORE1116,Item 1127,Cosmetics,1486.52
PROD201128,STORE1115,Item 1128,Shoes,787.69
PROD201129,STORE1108,Item 1129,Shoes,311.05
PROD201130,STORE1093,Item 1130,Cosmetics,505.55
PROD201131,STORE1104,Item 1131,Cosmetics,498.81
PROD201132,STORE1110,Item 1132,Clothing,34.49
PROD201133,STORE1002,Item 1133,Clothing,207.1
PROD201134,STORE1045,Item 1134,Accessories,1044.32
PROD201135,STORE1054,Item 1135,Accessories,184.78
PROD201136,STORE1074,Item 1136,Accessories,349.95
PROD201137,STORE1087,Item 1137,Accessories,529.35
PROD201138,STORE1085,Item 1138,Food,1137.81
PROD201139,STORE1063,Item 1139,Food,875.69
PROD201140,STORE1107,Item 1140,Clothing,1035.05
PROD201141,STORE1044,Item 1141,Shoes,852.68
PROD201142,STORE1025,Item 1142,Cosmetics,1026.97
PROD201143,STORE1076,Item 1143,Home Goods,9.25
PROD201144,STORE1064,Item 1144,Shoes,1396.69
PROD201145,STORE1023,Item 1145,Electronics,170.83
PROD201146,STORE1073,Item 1146,Food,612.34
PROD201147,STORE1034,Item 1147,Accessories,1157.7
PROD201148,STORE1023,Item 1148,Accessories,655.67
PROD201149,STORE1027,Item 1149,Electronics,1420.53
PROD201150,STORE1099,Item 1150,Shoes,704.05
PROD201151,STORE1079,Item 1151,Accessories,1313.03
PROD201152,STORE1103,Item 1152,Shoes,1217.19
PROD201153,STORE1015,Item 1153,Cosmetics,1471.57
PROD201154,STORE1058,Item 1154,Electronics,1390.19
PROD201155,STORE1080,Item 1155,Home Goods,1347.7
PROD201156,STORE1114,Item 1156,Shoes,1098.75
PROD201157,STORE1053,Item 1157,Cosmetics,553.66
PROD201158,STORE1078,Item 1158,Shoes,163.66
PROD201159,STORE1015,Item 1159,Shoes,1034.52
PROD201160,STORE1014,Item 1160,Accessories,1468.09
PROD201161,STORE1097,Item 1161,Clothing,1091.27
PROD201162,STORE1010,Item 1162,Food,1393.45
PROD201163,STORE1064,Item 1163,Shoes,1207.44
PROD201164,STORE1078,Item 1164,Shoes,248.86
PROD201165,STORE1089,Item 1165,Shoes,377.56
PROD201166,STORE1114,Item 1166,Clothing,516.09
PROD201167,STORE1067,Item 1167,Cosmetics,256.55
PROD201168,STORE1042,Item 1168,Home Goods,874.57
PROD201169,STORE1068,Item 1169,Home Goods,1463.3
PROD201170,STORE1098,Item 1170,Electronics,1143.38
PROD201171,STORE1012,Item 1171,Accessories,637.96
PROD201172,STORE1009,Item 1172,Clothing,11.73
PROD201173,STORE1074,Item 1173,Cosmetics,473.35
PROD201174,STORE1081,Item 1174,Shoes,792.51
PROD201175,STORE1097,Item 1175,Cosmetics,489.76
PROD201176,STORE1102,Item 1176,Clothing,171.0
PROD201177,STORE1040,Item 1177,Clothing,666.93
PROD201178,STORE1105,Item 1178,Clothing,383.61
PROD201179,STORE1049,Item 1179,Electronics,1364.3
PROD201180,STORE1086,Item 1180,Food,157.12
PROD201181,STORE1070,Item 1181,Accessories,78.48
PROD201182,STORE1058,Item 1182,Electronics,12.94
PROD201183,STORE1038,Item 1183,Electronics,495.46
PROD201184,STORE1002,Item 1184,Food,992.28
PROD201185,STORE1075,Item 1185,Electronics,1096.97
PROD201186,STORE1006,Item 1186,Clothing,682.63
PROD201187,STORE1048,Item 1187,Clothing,1028.07
PROD201188,STORE1025,Item 1188,Cosmetics,543.07
PROD201189,STORE1032,Item 1189,Shoes,1003.37
PROD201190,STORE1100,Item 1190,Electronics,65.69
PROD201191,STORE1047,Item 1191,Shoes,589.18
PROD201192,STORE1078,Item 1192,Accessories,1187.32
PROD201193,STORE1001,Item 1193,Home Goods,1205.49
PROD201194,STORE1104,Item 1194,Clothing,1075.64
PROD201195,STORE1070,Item 1195,Cosmetics,310.34
PROD201196,STORE1031,Item 1196,Accessories,374.57
PROD201197,STORE1003,Item 1197,Cosmetics,1494.15
PROD201198,STORE1019,Item 1198,Home Goods,159.55
PROD201199,STORE1113,Item 1199,Home Goods,275.09
PROD201200,STORE1116,Item 1200,Food,199.39
PROD201201,STORE1035,Item 1201,Clothing,494.84
PROD201202,STORE1031,Item 1202,Accessories,319.21
PROD201203,STORE1027,Item 1203,Food,749.04
PROD201204,STORE1076,Item 1204,Home Goods,716.65
PROD201205,STORE1000,Item 1205,Accessories,1352.75
PROD201206,STORE1059,Item 1206,Cosmetics,56.94
PROD201207,STORE1055,Item 1207,Food,483.22
PROD201208,STORE1034,Item 1208,Food,897.0
PROD201209,STORE1111,Item 1209,Clothing,909.18
PROD201210,STORE1029,Item 1210,Shoes,722.79
PROD201211,STORE1053,Item 1211,Cosmetics,1224.42
PROD201212,STORE1035,Item 1212,Cosmetics,98.77
PROD201213,STORE1054,Item 1213,Food,1224.15
PROD201214,STORE1088,Item 1214,Food,744.66
PROD201215,STORE1079,Item 1215,Clothing,204.97
PROD201216,STORE1057,Item 1216,Shoes,1329.12
PROD201217,STORE1082,Item 1217,Cosmetics,975.6
PROD201218,STORE1064,Item 1218,Home Goods,249.5
PROD201219,STORE1068,Item 1219,Electronics,55.31
PROD201220,STORE1050,Item 1220,Electronics,215.96
PROD201221,STORE1021,Item 1221,Shoes,915.15
PROD201222,STORE1087,Item 1222,Accessories,273.05
PROD201223,STORE1106,Item 1223,Clothing,342.52
PROD201224,STORE1108,Item 1224,Shoes,42.58
PROD201225,STORE1115,Item 1225,Electronics,1085.78
PROD201226,STORE1100,Item 1226,Food,1216.49
PROD201227,STORE1052,Item 1227,Electronics,1196.29
PROD201228,STORE1099,Item 1228,Food,195.71
PROD201229,STORE1035,Item 1229,Clothing,1355.44
PROD201230,STORE1067,Item 1230,Food,1010.06
PROD201231,STORE1035,Item 1231,Shoes,1346.81
PROD201232,STORE1051,Item 1232,Food,673.5
PROD201233,STORE1052,Item 1233,Accessories,658.25
PROD201234,STORE1081,Item 1234,Shoes,1177.88
PROD201235,STORE1049,Item 1235,Clothing,144.48
PROD201236,STORE1079,Item 1236,Shoes,783.71
PROD201237,STORE1040,Item 1237,Accessories,1255.39
PROD201238,STORE1017,Item 1238,Clothing,1246.14
PROD201239,STORE1021,Item 1239,Electronics,1434.42
PROD201240,STORE1065,Item 1240,Accessories,1048.92
PROD201241,STORE1020,Item 1241,Clothing,315.62
PROD201242,STORE1099,Item 1242,Home Goods,35.32
PROD201243,STORE1043,Item 1243,Food,721.73
PROD201244,STORE1102,Item 1244,Shoes,772.99
PROD201245,STORE1046,Item 1245,Clothing,364.19
PROD201246,STORE1038,Item 1246,Shoes,191.42
PROD201247,STORE1028,Item 1247,Food,881.38
PROD201248,STORE1053,Item 1248,Clothing,1147.56
PROD201249,STORE1089,Item 1249,Electronics,1489.77
PROD201250,STORE1084,Item 1250,Home Goods,1138.66
PROD201251,STORE1016,Item 1251,Home Goods,1191.48
PROD201252,STORE1079,Item 1252,Accessories,926.61
PROD201253,STORE1059,Item 1253,Clothing,1478.95
PROD201254,STORE1030,Item 1254,Food,961.73
PROD201255,STORE1114,Item 1255,Clothing,1291.08
PROD201256,STORE1072,Item 1256,Shoes,1418.95
PROD201257,STORE1094,Item 1257,Cosmetics,1395.14
PROD201258,STORE1077,Item 1258,Clothing,575.22
PROD201259,STORE1048,Item 1259,Home Goods,122.6
PROD201260,STORE1100,Item 1260,Home Goods,261.95
PROD201261,STORE1001,Item 1261,Home Goods,93.54
PROD201262,STORE1115,Item 1262,Electronics,162.57
PROD201263,STORE1047,Item 1263,Clothing,281.05
PROD201264,STORE1109,Item 1264,Accessories,514.94
PROD201265,STORE1013,Item 1265,Clothing,817.59
PROD201266,STORE1058,Item 1266,Cosmetics,1068.96
PROD201267,STORE1096,Item 1267,Home Goods,320.34
PROD201268,STORE1098,Item 1268,Shoes,1010.42
PROD201269,STORE1057,Item 1269,Home Goods,1057.87
PROD201270,STORE1102,Item 1270,Clothing,840.14
PROD201271,STORE1057,Item 1271,Electronics,1355.91
PROD201272,STORE1110,Item 1272,Food,170.94
PROD201273,STORE1050,Item 1273,Clothing,269.8
PROD201274,STORE1083,Item 1274,Clothing,645.85
PROD201275,STORE1001,Item 1275,Accessories,194.44
PROD201276,STORE1114,Item 1276,Electronics,851.61
PROD201277,STORE1040,Item 1277,Cosmetics,600.61
PROD201278,STORE1082,Item 1278,Food,430.47
PROD201279,STORE1100,Item 1279,Home Goods,259.13
PROD201280,STORE1081,Item 1280,Shoes,506.33
PROD201281,STORE1015,Item 1281,Clothing,913.9
PROD201282,STORE1003,Item 1282,Cosmetics,865.8
PROD201283,STORE1011,Item 1283,Food,249.62
PROD201284,STORE1028,Item 1284,Shoes,191.76
PROD201285,STORE1006,Item 1285,Cosmetics,44.88
PROD201286,STORE1013,Item 1286,Electronics,23.58
PROD201287,STORE1118,Item 1287,Electronics,1320.32
PROD201288,STORE1011,Item 1288,Food,72.41
PROD201289,STORE1098,Item 1289,Home Goods,1098.18
PROD201290,STORE1004,Item 1290,Shoes,1308.62
PROD201291,STORE1080,Item 1291,Electronics,151.6
PROD201292,STORE1105,Item 1292,Food,657.27
PROD201293,STORE1031,Item 1293,Electronics,1443.64
PROD201294,STORE1073,Item 1294,Electronics,1252.04
PROD201295,STORE1042,Item 1295,Cosmetics,737.11
PROD201296,STORE1080,Item 1296,Cosmetics,1145.04
PROD201297,STORE1068,Item 1297,Electronics,1250.9
PROD201298,STORE1044,Item 1298,Accessories,525.3
PROD201299,STORE1105,Item 1299,Cosmetics,1338.77
PROD201300,STORE1008,Item 1300,Shoes,708.36
PROD201301,STORE1048,Item 1301,Food,794.07
PROD201302,STORE1032,Item 1302,Food,1499.56
PROD201303,STORE1099,Item 1303,Home Goods,1265.74
PROD201304,STORE1099,Item 1304,Shoes,545.85
PROD201305,STORE1017,Item 1305,Shoes,20.47
PROD201306,STORE1008,Item 1306,Shoes,941.13
PROD201307,STORE1061,Item 1307,Home Goods,1057.35
PROD201308,STORE1056,Item 1308,Shoes,977.95
PROD201309,STORE1028,Item 1309,Clothing,1451.95
PROD201310,STORE1113,Item 1310,Home Goods,1295.14
PROD201311,STORE1077,Item 1311,Food,676.0
PROD201312,STORE1024,Item 1312,Clothing,98.97
PROD201313,STORE1014,Item 1313,Home Goods,716.71
PROD201314,STORE1005,Item 1314,Electronics,1035.42
PROD201315,STORE1119,Item 1315,Electronics,913.53
PROD201316,STORE1041,Item 1316,Food,809.51
PROD201317,STORE1028,Item 1317,Electronics,705.88
PROD201318,STORE1078,Item 1318,Shoes,444.17
PROD201319,STORE1092,Item 1319,Home Goods,419.63
PROD201320,STORE1003,Item 1320,Clothing,752.85
PROD201321,STORE1081,Item 1321,Shoes,245.1
PROD201322,STORE1113,Item 1322,Electronics,514.32
PROD201323,STORE1056,Item 1323,Cosmetics,489.35
PROD201324,STORE1048,Item 1324,Clothing,882.76
PROD201325,STORE1043,Item 1325,Shoes,104.69
PROD201326,STORE1102,Item 1326,Home Goods,1245.35
PROD201327,STORE1079,Item 1327,Food,845.76
PROD201328,STORE1074,Item 1328,Shoes,1007.89
PROD201329,STORE1013,Item 1329,Cosmetics,1056.13
PROD201330,STORE1002,Item 1330,Electronics,440.77
PROD201331,STORE1114,Item 1331,Clothing,708.21
PROD201332,STORE1113,Item 1332,Food,1434.59
PROD201333,STORE1061,Item 1333,Clothing,1151.22
PROD201334,STORE1105,Item 1334,Food,1454.49
PROD201335,STORE1063,Item 1335,Home Goods,1120.65
PROD201336,STORE1101,Item 1336,Clothing,267.52
PROD201337,STORE1044,Item 1337,Electronics,101.48
PROD201338,STORE1105,Item 1338,Home Goods,868.6
PROD201339,STORE1081,Item 1339,Home Goods,539.93
PROD201340,STORE1057,Item 1340,Food,416.81
PROD201341,STORE1019,Item 1341,Accessories,1211.78
PROD201342,STORE1057,Item 1342,Clothing,553.65
PROD201343,STORE1111,Item 1343,Clothing,478.92
PROD201344,STORE1088,Item 1344,Shoes,1275.73
PROD201345,STORE1056,Item 1345,Food,1270.2
PROD201346,STORE1101,Item 1346,Cosmetics,537.77
PROD201347,STORE1076,Item 1347,Accessories,1249.59
PROD201348,STORE1067,Item 1348,Electronics,1276.91
PROD201349,STORE1118,Item 1349,Shoes,638.78
PROD201350,STORE1077,Item 1350,Accessories,104.38
PROD201351,STORE1096,Item 1351,Food,7.37
PROD201352,STORE1091,Item 1352,Accessories,787.32
PROD201353,STORE1051,Item 1353,Home Goods,519.39
PROD201354,STORE1036,Item 1354,Clothing,1495.71
PROD201355,STORE1007,Item 1355,Home Goods,1159.75
PROD201356,STORE1043,Item 1356,Clothing,1143.11
PROD201357,STORE1097,Item 1357,Shoes,1433.09
PROD201358,STORE1107,Item 1358,Food,1332.15
PROD201359,STORE1004,Item 1359,Food,480.69
PROD201360,STORE1117,Item 1360,Accessories,253.15
PROD201361,STORE1068,Item 1361,Shoes,1120.11
PROD201362,STORE1030,Item 1362,Food,570.52
PROD201363,STORE1044,Item 1363,Cosmetics,712.39
PROD201364,STORE1008,Item 1364,Cosmetics,947.44
PROD201365,STORE1105,Item 1365,Home Goods,1362.27
PROD201366,STORE1031,Item 1366,Clothing,631.54
PROD201367,STORE1032,Item 1367,Accessories,1176.06
PROD201368,STORE1066,Item 1368,Electronics,406.17
PROD201369,STORE1029,Item 1369,Clothing,1048.47
PROD201370,STORE1113,Item 1370,Shoes,7.36
PROD201371,STORE1075,Item 1371,Food,1307.9
PROD201372,STORE1028,Item 1372,Clothing,50.42
PROD201373,STORE1002,Item 1373,Electronics,1070.57
PROD201374,STORE1089,Item 1374,Electronics,74.16
PROD201375,STORE1056,Item 1375,Cosmetics,403.04
PROD201376,STORE1029,Item 1376,Shoes,748.32
PROD201377,STORE1008,Item 1377,Clothing,632.81
PROD201378,STORE1025,Item 1378,Accessories,291.79
PROD201379,STORE1001,Item 1379,Clothing,504.05
PROD201380,STORE1061,Item 1380,Cosmetics,1092.92
PROD201381,STORE1002,Item 1381,Home Goods,1005.54
PROD201382,STORE1045,Item 1382,Electronics,112.36
PROD201383,STORE1067,Item 1383,Shoes,1122.24
PROD201384,STORE1024,Item 1384,Shoes,84.3
PROD201385,STORE1050,Item 1385,Accessories,816.67
PROD201386,STORE1012,Item 1386,Shoes,393.79
PROD201387,STORE1102,Item 1387,Cosmetics,883.6
PROD201388,STORE1043,Item 1388,Cosmetics,395.69
PROD201389,STORE1034,Item 1389,Cosmetics,1477.51
PROD201390,STORE1054,Item 1390,Shoes,468.04
PROD201391,STORE1086,Item 1391,Shoes,366.73
PROD201392,STORE1008,Item 1392,Cosmetics,421.31
PROD201393,STORE1001,Item 1393,Shoes,1345.23
PROD201394,STORE1060,Item 1394,Shoes,956.15
PROD201395,STORE1117,Item 1395,Electronics,1097.37
PROD201396,STORE1040,Item 1396,Clothing,1377.43
PROD201397,STORE1043,Item 1397,Food,1368.25
PROD201398,STORE1063,Item 1398,Shoes,1109.72
PROD201399,STORE1030,Item 1399,Food,300.75
PROD201400,STORE1107,Item 1400,Home Goods,1265.84
PROD201401,STORE1046,Item 1401,Food,309.65
PROD201402,STORE1001,Item 1402,Electronics,1115.63
PROD201403,STORE1095,Item 1403,Shoes,1029.98
PROD201404,STORE1081,Item 1404,Cosmetics,1139.54
PROD201405,STORE1076,Item 1405,Food,801.37
PROD201406,STORE1109,Item 1406,Shoes,959.9
PROD201407,STORE1068,Item 1407,Accessories,1430.21
PROD201408,STORE1057,Item 1408,Home Goods,156.13
PROD201409,STORE1105,Item 1409,Cosmetics,466.73
PROD201410,STORE1043,Item 1410,Accessories,918.98
PROD201411,STORE1073,Item 1411,Accessories,1446.26
PROD201412,STORE1055,Item 1412,Food,147.88
PROD201413,STORE1042,Item 1413,Accessories,38.71
PROD201414,STORE1088,Item 1414,Electronics,88.35
PROD201415,STORE1033,Item 1415,Electronics,83.35
PROD201416,STORE1100,Item 1416,Food,1362.18
PROD201417,STORE1029,Item 1417,Shoes,1083.28
PROD201418,STORE1070,Item 1418,Clothing,1017.27
PROD201419,STORE1069,Item 1419,Shoes,786.25
PROD201420,STORE1117,Item 1420,Shoes,1174.02
PROD201421,STORE1054,Item 1421,Shoes,237.69
PROD201422,STORE1066,Item 1422,Shoes,590.95
PROD201423,STORE1012,Item 1423,Cosmetics,737.56
PROD201424,STORE1002,Item 1424,Clothing,170.06
PROD201425,STORE1025,Item 1425,Cosmetics,632.17
PROD201426,STORE1056,Item 1426,Accessories,478.17
PROD201427,STORE1023,Item 1427,Home Goods,58.2
PROD201428,STORE1052,Item 1428,Shoes,209.42
PROD201429,STORE1069,Item 1429,Home Goods,1147.24
PROD201430,STORE1042,Item 1430,Electronics,31.97
PROD201431,STORE1059,Item 1431,Food,1401.71
PROD201432,STORE1057,Item 1432,Food,134.2
PROD201433,STORE1048,Item 1433,Cosmetics,1199.86
PROD201434,STORE1041,Item 1434,Cosmetics,1348.43
PROD201435,STORE1075,Item 1435,Electronics,1412.0
PROD201436,STORE1112,Item 1436,Shoes,1301.88
PROD201437,STORE1099,Item 1437,Home Goods,434.89
PROD201438,STORE1065,Item 1438,Home Goods,502.97
PROD201439,STORE1010,Item 1439,Clothing,642.69
PROD201440,STORE1102,Item 1440,Accessories,213.25
PROD201441,STORE1097,Item 1441,Food,38.3
PROD201442,STORE1089,Item 1442,Accessories,1304.34
PROD201443,STORE1017,Item 1443,Clothing,833.42
PROD201444,STORE1084,Item 1444,Cosmetics,915.04
PROD201445,STORE1099,Item 1445,Home Goods,1390.85
PROD201446,STORE1103,Item 1446,Food,999.35
PROD201447,STORE1051,Item 1447,Accessories,1037.83
PROD201448,STORE1045,Item 1448,Cosmetics,1181.52
PROD201449,STORE1043,Item 1449,Clothing,178.94
PROD201450,STORE1021,Item 1450,Accessories,543.44
PROD201451,STORE1052,Item 1451,Home Goods,1452.47
PROD201452,STORE1058,Item 1452,Shoes,1384.78
PROD201453,STORE1093,Item 1453,Cosmetics,1326.69
PROD201454,STORE1113,Item 1454,Clothing,680.87
PROD201455,STORE1106,Item 1455,Accessories,1286.5
PROD201456,STORE1029,Item 1456,Home Goods,77.35
PROD201457,STORE1007,Item 1457,Shoes,227.03
PROD201458,STORE1097,Item 1458,Shoes,623.88
PROD201459,STORE1056,Item 1459,Clothing,727.67
PROD201460,STORE1110,Item 1460,Electronics,398.94
PROD201461,STORE1072,Item 1461,Home Goods,537.93
PROD201462,STORE1114,Item 1462,Home Goods,248.35
PROD201463,STORE1019,Item 1463,Food,736.26
PROD201464,STORE1103,Item 1464,Clothing,1191.8
PROD201465,STORE1024,Item 1465,Shoes,993.73
PROD201466,STORE1018,Item 1466,Shoes,166.15
PROD201467,STORE1004,Item 1467,Clothing,733.93
PROD201468,STORE1074,Item 1468,Electronics,1047.98
PROD201469,STORE1078,Item 1469,Food,797.19
PROD201470,STORE1071,Item 1470,Accessories,590.56
PROD201471,STORE1082,Item 1471,Clothing,934.76
PROD201472,STORE1086,Item 1472,Food,1453.11
PROD201473,STORE1026,Item 1473,Home Goods,146.89
PROD201474,STORE1039,Item 1474,Food,588.07
PROD201475,STORE1095,Item 1475,Cosmetics,612.88
PROD201476,STORE1025,Item 1476,Shoes,867.57
PROD201477,STORE1026,Item 1477,Accessories,232.5
PROD201478,STORE1061,Item 1478,Clothing,269.08
PROD201479,STORE1082,Item 1479,Shoes,431.62
PROD201480,STORE1049,Item 1480,Cosmetics,1434.03
PROD201481,STORE1041,Item 1481,Cosmetics,1102.49
PROD201482,STORE1028,Item 1482,Shoes,994.23
PROD201483,STORE1038,Item 1483,Electronics,1226.35
PROD201484,STORE1059,Item 1484,Food,195.73
PROD201485,STORE1040,Item 1485,Clothing,1289.7
PROD201486,STORE1032,Item 1486,Clothing,894.27
PROD201487,STORE1082,Item 1487,Clothing,506.32
PROD201488,STORE1100,Item 1488,Shoes,1224.7
PROD201489,STORE1082,Item 1489,Home Goods,1204.83
PROD201490,STORE1096,Item 1490,Electronics,1269.33
PROD201491,STORE1110,Item 1491,Accessories,177.7
PROD201492,STORE1015,Item 1492,Cosmetics,1454.2
PROD201493,STORE1022,Item 1493,Shoes,1439.64
PROD201494,STORE1006,Item 1494,Home Goods,539.42
PROD201495,STORE1025,Item 1495,Accessories,103.51
PROD201496,STORE1095,Item 1496,Cosmetics,254.75
PROD201497,STORE1011,Item 1497,Cosmetics,1489.28
PROD201498,STORE1071,Item 1498,Electronics,846.7
PROD201499,STORE1004,Item 1499,Food,538.15
PROD201500,STORE1105,Item 1500,Clothing,435.86
PROD201501,STORE1091,Item 1501,Accessories,389.2
PROD201502,STORE1116,Item 1502,Shoes,997.91
PROD201503,STORE1068,Item 1503,Accessories,631.98
PROD201504,STORE1048,Item 1504,Food,1448.29
PROD201505,STORE1025,Item 1505,Clothing,1027.35
PROD201506,STORE1004,Item 1506,Accessories,1189.11
PROD201507,STORE1021,Item 1507,Food,442.65
PROD201508,STORE1078,Item 1508,Shoes,123.38
PROD201509,STORE1012,Item 1509,Electronics,734.3
PROD201510,STORE1027,Item 1510,Home Goods,475.3
PROD201511,STORE1032,Item 1511,Cosmetics,307.11
PROD201512,STORE1106,Item 1512,Shoes,1429.2
PROD201513,STORE1022,Item 1513,Clothing,668.76
PROD201514,STORE1096,Item 1514,Cosmetics,266.19
PROD201515,STORE1106,Item 1515,Home Goods,301.98
PROD201516,STORE1017,Item 1516,Shoes,424.66
PROD201517,STORE1113,Item 1517,Shoes,1498.98
PROD201518,STORE1116,Item 1518,Shoes,405.68
PROD201519,STORE1029,Item 1519,Shoes,496.56
PROD201520,STORE1025,Item 1520,Cosmetics,990.7
PROD201521,STORE1015,Item 1521,Clothing,444.47
PROD201522,STORE1076,Item 1522,Home Goods,327.63
PROD201523,STORE1038,Item 1523,Food,242.16
PROD201524,STORE1032,Item 1524,Accessories,472.46
PROD201525,STORE1025,Item 1525,Electronics,163.34
PROD201526,STORE1047,Item 1526,Home Goods,32.88
PROD201527,STORE1064,Item 1527,Accessories,1207.94
PROD201528,STORE1112,Item 1528,Accessories,211.15
PROD201529,STORE1037,Item 1529,Electronics,1165.09
PROD201530,STORE1001,Item 1530,Home Goods,1197.33
PROD201531,STORE1112,Item 1531,Cosmetics,809.19
PROD201532,STORE1005,Item 1532,Clothing,467.97
PROD201533,STORE1045,Item 1533,Electronics,221.82
PROD201534,STORE1049,Item 1534,Clothing,1106.52
PROD201535,STORE1037,Item 1535,Cosmetics,904.07
PROD201536,STORE1105,Item 1536,Accessories,984.9
PROD201537,STORE1087,Item 1537,Clothing,17.96
PROD201538,STORE1017,Item 1538,Cosmetics,1391.64
PROD201539,STORE1026,Item 1539,Cosmetics,104.1
PROD201540,STORE1040,Item 1540,Food,553.37
PROD201541,STORE1071,Item 1541,Electronics,607.05
PROD201542,STORE1091,Item 1542,Food,7.03
PROD201543,STORE1073,Item 1543,Accessories,748.15
PROD201544,STORE1016,Item 1544,Electronics,1130.45
PROD201545,STORE1118,Item 1545,Accessories,1235.79
PROD201546,STORE1061,Item 1546,Food,1319.7
PROD201547,STORE1028,Item 1547,Home Goods,734.14
PROD201548,STORE1057,Item 1548,Cosmetics,947.8
PROD201549,STORE1069,Item 1549,Accessories,123.88
PROD201550,STORE1077,Item 1550,Electronics,734.62
PROD201551,STORE1021,Item 1551,Electronics,236.45
PROD201552,STORE1117,Item 1552,Accessories,557.62
PROD201553,STORE1005,Item 1553,Electronics,497.31
PROD201554,STORE1025,Item 1554,Cosmetics,638.19
PROD201555,STORE1038,Item 1555,Home Goods,859.6
PROD201556,STORE1011,Item 1556,Cosmetics,1354.8
PROD201557,STORE1098,Item 1557,Electronics,594.75
PROD201558,STORE1013,Item 1558,Accessories,1471.79
PROD201559,STORE1021,Item 1559,Food,1139.75
PROD201560,STORE1050,Item 1560,Electronics,769.66
PROD201561,STORE1022,Item 1561,Electronics,967.82
PROD201562,STORE1047,Item 1562,Electronics,157.83
PROD201563,STORE1070,Item 1563,Electronics,1267.56
PROD201564,STORE1103,Item 1564,Accessories,875.62
PROD201565,STORE1049,Item 1565,Food,1479.17
PROD201566,STORE1088,Item 1566,Food,956.46
PROD201567,STORE1012,Item 1567,Clothing,1252.0
PROD201568,STORE1084,Item 1568,Electronics,1200.65
PROD201569,STORE1104,Item 1569,Electronics,521.46
PROD201570,STORE1009,Item 1570,Clothing,393.12
PROD201571,STORE1116,Item 1571,Food,648.59
PROD201572,STORE1054,Item 1572,Shoes,703.53
PROD201573,STORE1008,Item 1573,Cosmetics,363.93
PROD201574,STORE1078,Item 1574,Shoes,1342.42
PROD201575,STORE1051,Item 1575,Food,816.11
PROD201576,STORE1001,Item 1576,Home Goods,1467.77
PROD201577,STORE1024,Item 1577,Electronics,1215.98
PROD201578,STORE1012,Item 1578,Shoes,835.78
PROD201579,STORE1097,Item 1579,Accessories,1420.83
PROD201580,STORE1050,Item 1580,Accessories,759.79
PROD201581,STORE1057,Item 1581,Clothing,1331.22
PROD201582,STORE1033,Item 1582,Food,540.43
PROD201583,STORE1034,Item 1583,Food,571.07
PROD201584,STORE1101,Item 1584,Shoes,630.11
PROD201585,STORE1002,Item 1585,Electronics,822.21
PROD201586,STORE1105,Item 1586,Food,832.47
PROD201587,STORE1119,Item 1587,Shoes,747.12
PROD201588,STORE1058,Item 1588,Shoes,462.47
PROD201589,STORE1069,Item 1589,Cosmetics,1391.17
PROD201590,STORE1118,Item 1590,Cosmetics,884.94
PROD201591,STORE1047,Item 1591,Food,614.57
PROD201592,STORE1063,Item 1592,Shoes,978.51
PROD201593,STORE1112,Item 1593,Clothing,1153.11
PROD201594,STORE1018,Item 1594,Clothing,1441.29
PROD201595,STORE1066,Item 1595,Cosmetics,751.83
PROD201596,STORE1081,Item 1596,Food,172.59
PROD201597,STORE1102,Item 1597,Electronics,663.94
PROD201598,STORE1072,Item 1598,Home Goods,721.06
PROD201599,STORE1115,Item 1599,Clothing,1346.01
PROD201600,STORE1075,Item 1600,Clothing,595.23
PROD201601,STORE1004,Item 1601,Cosmetics,1430.22
PROD201602,STORE1066,Item 1602,Cosmetics,730.27
PROD201603,STORE1010,Item 1603,Food,1460.8
PROD201604,STORE1093,Item 1604,Cosmetics,17.26
PROD201605,STORE1067,Item 1605,Accessories,1348.73
PROD201606,STORE1068,Item 1606,Home Goods,1397.03
PROD201607,STORE1000,Item 1607,Shoes,1441.73
PROD201608,STORE1090,Item 1608,Clothing,24.55
PROD201609,STORE1091,Item 1609,Accessories,261.69
PROD201610,STORE1062,Item 1610,Electronics,982.38
PROD201611,STORE1028,Item 1611,Accessories,43.08
PROD201612,STORE1081,Item 1612,Food,100.1
PROD201613,STORE1011,Item 1613,Electronics,335.51
PROD201614,STORE1076,Item 1614,Electronics,771.1
PROD201615,STORE1040,Item 1615,Cosmetics,821.12
PROD201616,STORE1001,Item 1616,Accessories,56.22
PROD201617,STORE1036,Item 1617,Food,259.7
PROD201618,STORE1044,Item 1618,Clothing,752.06
PROD201619,STORE1079,Item 1619,Home Goods,892.94
PROD201620,STORE1047,Item 1620,Cosmetics,226.86
PROD201621,STORE1023,Item 1621,Accessories,601.27
PROD201622,STORE1098,Item 1622,Clothing,1357.08
PROD201623,STORE1021,Item 1623,Accessories,1498.35
PROD201624,STORE1099,Item 1624,Cosmetics,1480.89
PROD201625,STORE1010,Item 1625,Clothing,1323.1
PROD201626,STORE1118,Item 1626,Cosmetics,595.02
PROD201627,STORE1057,Item 1627,Accessories,1031.43
PROD201628,STORE1045,Item 1628,Electronics,627.81
PROD201629,STORE1028,Item 1629,Home Goods,974.55
PROD201630,STORE1034,Item 1630,Shoes,467.6
PROD201631,STORE1111,Item 1631,Home Goods,911.27
PROD201632,STORE1117,Item 1632,Electronics,788.02
PROD201633,STORE1014,Item 1633,Cosmetics,41.6
PROD201634,STORE1059,Item 1634,Home Goods,1187.1
PROD201635,STORE1094,Item 1635,Cosmetics,22.79
PROD201636,STORE1041,Item 1636,Cosmetics,443.27
PROD201637,STORE1104,Item 1637,Clothing,13.86
PROD201638,STORE1042,Item 1638,Food,567.42
PROD201639,STORE1079,Item 1639,Cosmetics,99.42
PROD201640,STORE1073,Item 1640,Home Goods,1370.7
PROD201641,STORE1048,Item 1641,Home Goods,626.44
PROD201642,STORE1063,Item 1642,Home Goods,691.95
PROD201643,STORE1031,Item 1643,Electronics,528.03
PROD201644,STORE1063,Item 1644,Shoes,943.12
PROD201645,STORE1114,Item 1645,Cosmetics,1177.69
PROD201646,STORE1001,Item 1646,Cosmetics,973.98
PROD201647,STORE1023,Item 1647,Cosmetics,1123.57
PROD201648,STORE1086,Item 1648,Clothing,1359.43
PROD201649,STORE1065,Item 1649,Cosmetics,1296.0
PROD201650,STORE1037,Item 1650,Electronics,1012.72
PROD201651,STORE1030,Item 1651,Accessories,325.88
PROD201652,STORE1114,Item 1652,Food,958.37
PROD201653,STORE1103,Item 1653,Home Goods,761.59
PROD201654,STORE1025,Item 1654,Cosmetics,1077.24
PROD201655,STORE1028,Item 1655,Clothing,1250.23
PROD201656,STORE1066,Item 1656,Electronics,1115.37
PROD201657,STORE1077,Item 1657,Cosmetics,1270.61
PROD201658,STORE1024,Item 1658,Clothing,100.48
PROD201659,STORE1047,Item 1659,Accessories,52.27
PROD201660,STORE1064,Item 1660,Shoes,391.46
PROD201661,STORE1052,Item 1661,Cosmetics,1351.5
PROD201662,STORE1066,Item 1662,Electronics,1236.37
PROD201663,STORE1117,Item 1663,Clothing,1025.68
PROD201664,STORE1089,Item 1664,Clothing,1052.63
PROD201665,STORE1017,Item 1665,Cosmetics,1091.37
PROD201666,STORE1008,Item 1666,Clothing,1414.19
PROD201667,STORE1037,Item 1667,Shoes,1249.13
PROD201668,STORE1086,Item 1668,Clothing,936.97
PROD201669,STORE1020,Item 1669,Home Goods,1000.24
PROD201670,STORE1064,Item 1670,Food,324.54
PROD201671,STORE1020,Item 1671,Home Goods,987.69
PROD201672,STORE1026,Item 1672,Food,639.9
PROD201673,STORE1105,Item 1673,Clothing,233.68
PROD201674,STORE1069,Item 1674,Cosmetics,1210.57
PROD201675,STORE1118,Item 1675,Food,767.82
PROD201676,STORE1043,Item 1676,Electronics,1466.25
PROD201677,STORE1099,Item 1677,Food,426.11
PROD201678,STORE1027,Item 1678,Home Goods,723.6
PROD201679,STORE1044,Item 1679,Clothing,674.75
PROD201680,STORE1016,Item 1680,Cosmetics,185.57
PROD201681,STORE1039,Item 1681,Accessories,642.04
PROD201682,STORE1115,Item 1682,Cosmetics,434.89
PROD201683,STORE1002,Item 1683,Cosmetics,244.68
PROD201684,STORE1075,Item 1684,Cosmetics,426.82
PROD201685,STORE1102,Item 1685,Electronics,353.71
PROD201686,STORE1075,Item 1686,Shoes,1102.44
PROD201687,STORE1065,Item 1687,Home Goods,51.01
PROD201688,STORE1119,Item 1688,Clothing,928.11
PROD201689,STORE1045,Item 1689,Shoes,1142.19
PROD201690,STORE1085,Item 1690,Accessories,723.68
PROD201691,STORE1086,Item 1691,Shoes,1397.69
PROD201692,STORE1029,Item 1692,Clothing,1063.28
PROD201693,STORE1068,Item 1693,Home Goods,1123.15
PROD201694,STORE1008,Item 1694,Home Goods,299.42
PROD201695,STORE1084,Item 1695,Clothing,1167.06
PROD201696,STORE1010,Item 1696,Accessories,1248.98
PROD201697,STORE1068,Item 1697,Clothing,545.09
PROD201698,STORE1098,Item 1698,Accessories,323.98
PROD201699,STORE1090,Item 1699,Accessories,580.65
PROD201700,STORE1112,Item 1700,Clothing,1110.71
PROD201701,STORE1065,Item 1701,Food,629.37
PROD201702,STORE1087,Item 1702,Home Goods,1106.29
PROD201703,STORE1030,Item 1703,Accessories,174.78
PROD201704,STORE1032,Item 1704,Clothing,1209.99
PROD201705,STORE1038,Item 1705,Food,383.55
PROD201706,STORE1093,Item 1706,Home Goods,377.15
PROD201707,STORE1045,Item 1707,Accessories,887.62
PROD201708,STORE1036,Item 1708,Home Goods,109.83
PROD201709,STORE1114,Item 1709,Food,44.32
PROD201710,STORE1091,Item 1710,Home Goods,395.24
PROD201711,STORE1059,Item 1711,Electronics,809.41
PROD201712,STORE1030,Item 1712,Cosmetics,1361.89
PROD201713,STORE1010,Item 1713,Electronics,1270.42
PROD201714,STORE1086,Item 1714,Food,738.22
PROD201715,STORE1001,Item 1715,Accessories,60.39
PROD201716,STORE1103,Item 1716,Clothing,805.2
PROD201717,STORE1104,Item 1717,Shoes,1058.67
PROD201718,STORE1026,Item 1718,Clothing,512.05
PROD201719,STORE1098,Item 1719,Home Goods,171.04
PROD201720,STORE1001,Item 1720,Shoes,421.46
PROD201721,STORE1102,Item 1721,Shoes,1158.53
PROD201722,STORE1100,Item 1722,Home Goods,530.11
PROD201723,STORE1020,Item 1723,Home Goods,1218.91
PROD201724,STORE1057,Item 1724,Accessories,482.68
PROD201725,STORE1004,Item 1725,Food,249.51
PROD201726,STORE1051,Item 1726,Clothing,656.59
PROD201727,STORE1044,Item 1727,Food,681.15
PROD201728,STORE1084,Item 1728,Electronics,29.08
PROD201729,STORE1092,Item 1729,Accessories,179.98
PROD201730,STORE1019,Item 1730,Accessories,281.46
PROD201731,STORE1060,Item 1731,Electronics,174.81
PROD201732,STORE1037,Item 1732,Clothing,515.58
PROD201733,STORE1019,Item 1733,Cosmetics,1447.11
PROD201734,STORE1113,Item 1734,Electronics,766.29
PROD201735,STORE1024,Item 1735,Clothing,943.2
PROD201736,STORE1001,Item 1736,Shoes,537.8
PROD201737,STORE1031,Item 1737,Home Goods,488.61
PROD201738,STORE1025,Item 1738,Accessories,39.6
PROD201739,STORE1069,Item 1739,Clothing,753.0
PROD201740,STORE1040,Item 1740,Food,728.0
PROD201741,STORE1066,Item 1741,Home Goods,240.96
PROD201742,STORE1096,Item 1742,Food,1147.66
PROD201743,STORE1000,Item 1743,Home Goods,741.55
PROD201744,STORE1050,Item 1744,Accessories,511.8
PROD201745,STORE1004,Item 1745,Electronics,224.63
PROD201746,STORE1012,Item 1746,Cosmetics,830.48
PROD201747,STORE1018,Item 1747,Electronics,1130.46
PROD201748,STORE1011,Item 1748,Clothing,426.59
PROD201749,STORE1047,Item 1749,Electronics,332.1
PROD201750,STORE1024,Item 1750,Accessories,785.29
PROD201751,STORE1056,Item 1751,Clothing,237.24
PROD201752,STORE1114,Item 1752,Shoes,1001.59
PROD201753,STORE1034,Item 1753,Electronics,909.99
PROD201754,STORE1075,Item 1754,Electronics,135.19
PROD201755,STORE1093,Item 1755,Cosmetics,59.6
PROD201756,STORE1004,Item 1756,Clothing,932.33
PROD201757,STORE1097,Item 1757,Food,444.97
PROD201758,STORE1021,Item 1758,Electronics,134.24
PROD201759,STORE1102,Item 1759,Accessories,1140.35
PROD201760,STORE1076,Item 1760,Electronics,474.5
PROD201761,STORE1056,Item 1761,Cosmetics,692.1
PROD201762,STORE1046,Item 1762,Shoes,359.04
PROD201763,STORE1053,Item 1763,Cosmetics,942.84
PROD201764,STORE1002,Item 1764,Electronics,455.73
PROD201765,STORE1052,Item 1765,Food,1452.19
PROD201766,STORE1083,Item 1766,Home Goods,1055.91
PROD201767,STORE1030,Item 1767,Electronics,209.4
PROD201768,STORE1068,Item 1768,Clothing,627.96
PROD201769,STORE1087,Item 1769,Electronics,581.2
PROD201770,STORE1103,Item 1770,Food,803.7
PROD201771,STORE1117,Item 1771,Clothing,1263.69
PROD201772,STORE1032,Item 1772,Accessories,877.22
PROD201773,STORE1071,Item 1773,Clothing,97.03
PROD201774,STORE1087,Item 1774,Cosmetics,984.85
PROD201775,STORE1049,Item 1775,Shoes,17.36
PROD201776,STORE1083,Item 1776,Cosmetics,1171.04
PROD201777,STORE1015,Item 1777,Home Goods,1001.62
PROD201778,STORE1113,Item 1778,Clothing,466.63
PROD201779,STORE1115,Item 1779,Accessories,442.2
PROD201780,STORE1075,Item 1780,Electronics,1198.42
PROD201781,STORE1076,Item 1781,Clothing,1176.09
PROD201782,STORE1108,Item 1782,Cosmetics,531.69
PROD201783,STORE1105,Item 1783,Clothing,451.93
PROD201784,STORE1038,Item 1784,Clothing,841.94
PROD201785,STORE1088,Item 1785,Clothing,17.51
PROD201786,STORE1045,Item 1786,Accessories,128.59
PROD201787,STORE1095,Item 1787,Food,193.62
PROD201788,STORE1087,Item 1788,Food,282.19
PROD201789,STORE1111,Item 1789,Clothing,770.47
PROD201790,STORE1046,Item 1790,Accessories,1488.4
PROD201791,STORE1043,Item 1791,Accessories,980.66
PROD201792,STORE1008,Item 1792,Home Goods,96.64
PROD201793,STORE1103,Item 1793,Clothing,790.74
PROD201794,STORE1113,Item 1794,Cosmetics,747.48
PROD201795,STORE1086,Item 1795,Cosmetics,220.53
PROD201796,STORE1049,Item 1796,Shoes,1380.81
PROD201797,STORE1076,Item 1797,Clothing,663.94
PROD201798,STORE1059,Item 1798,Shoes,1491.87
PROD201799,STORE1095,Item 1799,Cosmetics,633.01
